,1,10,100,101,102,103,104,105,106,107,108,109,11,110,111,112,113,114,115,116,117,118,119,12,120,121,122,123,124,125,126,127,128,129,13,130,131,132,133,134,135,136,137,138,139,14,140,141,142,143,144,145,146,147,148,149,15,150,151,152,153,154,155,156,157,158,159,16,160,161,162,163,164,165,166,167,168,169,17,170,171,172,173,174,175,176,177,178,179,18,180,181,182,183,184,185,186,187,188,189,19,190,191,192,193,194,195,196,197,198,199,2,20,200,21,22,23,24,25,26,27,28,29,3,30,31,32,33,34,35,36,37,38,39,4,40,41,42,43,44,45,46,47,48,49,5,50,51,52,53,54,55,56,57,58,59,6,60,61,62,63,64,65,66,67,68,69,7,70,71,72,73,74,75,76,77,78,79,8,80,81,82,83,84,85,86,87,88,89,9,90,91,92,93,94,95,96,97,98,99
1,3,5,2,4,6,4,2,3,4,5,4,2,3,2,5,3,2,5,2,2,2,2,5,4,8,3,1,2,1,3,2,4,3,1,2,3,4,2,1,4,4,4,5,2,5,4,5,4,3,3,6,2,4,5,6,3,4,4,2,3,2,4,3,2,2,4,1,3,1,5,3,6,4,3,3,2,3,2,4,7,1,4,1,4,7,3,4,7,2,2,5,9,4,4,4,3,5,5,4,8,3,4,5,8,4,2,1,2,3,2,4,5,3,2,4,2,4,5,3,2,5,1,5,3,2,3,5,3,6,2,0,4,4,3,4,2,6,5,6,1,7,1,9,6,1,4,5,3,4,4,6,3,2,4,6,3,2,2,7,4,2,4,4,9,5,2,2,4,1,3,5,1,3,2,2,5,1,2,2,2,3,4,2,3,1,3,4,2,4,3,5,4,1,1,3,1,3,5,4,3
10,1,3,1,4,9,1,2,5,3,4,6,3,5,2,7,4,1,5,2,2,3,3,9,3,3,3,4,5,1,4,4,3,3,5,2,1,3,7,2,2,4,3,2,2,3,1,2,3,8,8,6,5,4,8,3,6,4,4,1,2,4,5,3,1,3,2,1,4,3,1,2,3,3,2,2,4,3,3,2,4,6,5,5,6,3,6,5,4,9,7,3,2,2,6,1,1,2,6,4,1,4,2,5,3,4,3,3,4,3,1,4,4,4,8,7,6,4,6,3,3,8,3,0,5,1,7,7,4,3,5,2,3,5,2,4,1,5,3,3,2,4,4,1,4,3,5,2,2,3,2,5,1,3,7,4,3,2,6,2,4,3,3,4,3,4,5,4,2,3,5,3,4,4,5,4,3,2,3,2,5,5,0,2,2,4,2,2,1,2,3,2,3,3,3,2,4,2,3,0,1
100,2,7,4,4,4,3,2,2,1,1,4,2,2,3,2,6,5,3,3,5,3,5,3,2,4,1,5,7,4,3,2,2,2,2,3,2,5,2,1,2,2,5,5,5,3,3,5,4,5,9,1,5,5,6,4,6,1,9,3,3,3,2,1,3,2,2,3,3,5,4,1,4,4,2,12,7,5,7,5,2,5,1,7,5,2,3,5,3,3,3,2,3,5,2,4,3,2,1,5,3,3,3,4,5,5,1,3,3,8,8,3,4,6,1,2,5,3,8,7,1,6,4,5,3,3,3,4,4,3,8,7,0,2,5,5,7,2,3,3,2,5,4,2,1,2,4,5,4,3,3,3,2,1,2,5,2,6,2,3,4,3,1,2,2,3,9,4,3,3,2,3,1,0,2,3,2,1,4,8,4,5,3,3,1,3,2,2,3,1,4,2,3,1,5,3,3,1,3,5,7
101,2,4,4,2,7,2,5,3,4,8,4,3,2,6,2,0,6,5,5,4,3,5,5,5,1,3,5,7,4,1,3,3,5,4,3,7,2,3,2,4,6,5,5,5,1,4,2,5,2,4,4,3,5,2,2,5,3,2,3,4,1,2,3,6,4,3,4,8,1,2,5,4,3,6,0,1,1,10,5,3,2,4,6,2,3,2,4,7,1,2,3,2,3,4,6,3,2,2,6,4,3,2,4,8,1,4,5,6,4,5,3,3,1,5,5,5,2,5,3,6,3,2,1,0,3,2,4,5,3,5,4,3,4,3,3,3,3,4,2,4,1,4,2,4,7,5,1,4,8,3,2,4,4,4,3,5,4,4,5,1,6,2,3,1,6,0,0,6,5,1,3,4,5,4,10,10,0,4,6,4,4,4,4,3,4,5,0,4,3,4,4,2,0,2,5,1,4,4,1,6
102,3,1,6,6,3,9,4,2,2,7,4,1,2,2,3,0,2,6,6,2,3,8,4,3,2,3,2,4,4,2,3,2,1,3,3,3,0,1,3,3,3,5,5,3,1,5,4,4,3,3,3,4,1,9,2,6,3,4,4,3,6,1,4,3,1,3,4,7,0,1,4,7,4,5,2,2,5,4,4,6,3,3,3,1,7,6,9,3,3,4,5,11,2,4,3,2,6,4,4,7,5,6,2,3,3,2,5,2,5,2,3,5,3,5,1,4,5,5,3,1,2,5,2,1,0,6,4,3,2,1,5,2,9,4,3,4,5,2,3,5,3,5,2,1,5,3,6,4,2,0,4,2,3,3,1,5,5,7,3,6,4,3,1,5,6,4,3,3,3,6,3,4,1,4,4,3,2,2,2,5,4,5,3,5,6,2,4,8,4,4,7,4,5,2,2,2,4,3,4,3
103,5,2,5,2,3,3,3,0,5,7,4,7,1,3,1,3,8,2,1,4,5,4,6,5,5,3,4,1,5,2,0,8,5,1,7,0,5,3,2,4,4,5,2,3,1,2,3,2,3,6,3,7,5,2,2,1,5,8,6,1,6,2,1,5,2,4,4,6,5,4,4,3,4,3,9,4,6,4,4,2,3,5,2,2,4,3,4,1,2,3,2,1,2,3,3,3,4,0,5,4,2,1,3,5,2,6,4,4,4,4,5,4,9,1,3,7,5,3,1,6,2,1,2,3,2,6,3,0,1,6,4,6,1,3,4,2,3,6,9,4,3,4,4,1,1,4,2,1,1,2,5,3,2,5,1,1,6,7,4,4,4,1,3,4,3,3,2,6,0,3,4,2,5,1,3,5,7,1,4,5,4,2,5,2,3,1,2,5,4,5,4,4,4,4,1,7,2,4,4,1
104,5,1,5,3,4,4,5,5,5,1,3,4,2,4,2,4,2,3,4,4,4,3,3,2,5,4,5,2,4,2,1,4,2,5,1,1,3,5,2,1,3,5,2,2,2,3,3,4,2,6,3,5,1,4,4,4,4,0,0,4,3,7,2,7,5,5,5,3,0,4,6,3,6,3,2,2,6,1,3,1,1,5,7,2,3,3,5,2,2,1,1,5,2,4,6,1,4,2,2,7,2,7,2,2,6,3,10,6,5,3,2,2,1,2,6,4,3,5,4,3,2,2,3,4,1,6,7,6,1,2,2,1,3,4,3,7,3,2,3,3,5,4,2,4,4,3,6,5,2,3,3,2,5,6,3,2,6,6,1,3,6,0,1,5,5,6,6,5,3,6,3,3,3,1,3,2,6,4,5,6,2,3,4,4,8,4,3,2,4,2,8,5,5,4,3,4,2,5,5,3
105,3,3,7,4,3,4,4,3,1,6,6,7,3,5,8,7,1,5,1,5,2,3,5,5,3,3,4,0,3,4,5,5,4,4,6,5,4,3,5,1,3,3,5,5,4,2,3,0,4,5,5,3,2,8,1,3,1,8,3,2,3,4,3,5,2,4,3,3,8,2,4,7,5,2,4,5,5,4,1,5,3,5,3,1,5,3,4,7,3,1,1,4,3,0,10,2,0,4,3,1,2,4,4,4,2,0,4,5,3,6,1,1,4,3,1,1,1,0,1,1,0,4,2,1,1,4,3,6,1,2,4,6,4,7,6,5,5,6,0,1,2,5,5,4,1,8,5,3,2,3,3,4,5,4,4,2,2,2,3,3,3,1,2,4,1,5,4,3,5,4,5,3,3,3,2,2,6,1,1,5,4,2,3,5,6,0,3,4,6,3,2,4,0,3,8,3,1,2,7,2
106,5,4,2,1,3,2,1,7,0,3,5,0,3,5,1,4,3,3,6,3,2,5,3,3,2,6,5,3,3,2,4,4,1,3,5,3,5,6,2,4,4,5,2,2,3,3,2,8,0,4,3,2,5,3,2,4,2,1,4,3,5,5,1,1,3,9,3,5,7,4,10,2,3,3,2,3,1,4,5,2,3,6,3,9,3,4,4,3,1,4,3,7,3,3,5,6,3,5,4,4,1,2,5,3,9,2,3,3,4,4,4,4,2,3,5,1,2,3,3,4,4,5,7,3,7,3,4,3,3,2,1,4,3,2,5,5,3,4,3,3,8,4,2,1,3,1,2,6,5,6,2,2,7,6,5,2,5,9,6,2,3,4,0,2,3,4,3,8,3,3,4,2,3,3,4,4,5,5,5,3,3,4,1,1,3,2,3,2,3,5,4,4,2,1,4,5,3,4,4,2
107,1,4,5,3,3,3,5,3,3,2,4,3,5,3,3,5,4,3,4,3,4,3,1,2,1,6,5,3,5,3,0,3,3,4,4,2,5,7,4,7,2,4,5,3,3,5,7,8,3,4,3,0,3,1,2,5,6,5,1,4,3,4,1,6,2,2,5,3,0,2,2,8,8,5,5,3,3,2,2,5,1,3,4,0,4,6,2,2,4,2,4,1,3,3,3,3,2,8,2,6,2,6,2,4,3,5,5,2,6,3,2,5,2,6,2,3,2,7,2,2,3,4,3,6,2,3,1,2,2,3,5,5,4,2,1,1,2,5,6,3,2,2,2,3,7,4,3,4,3,6,3,5,7,4,4,2,3,3,8,4,5,3,5,2,2,1,5,7,7,3,1,6,7,1,2,5,2,4,1,1,2,3,8,5,4,3,2,4,2,2,5,6,9,2,4,4,4,2,6,4
108,3,3,3,2,6,2,0,5,2,3,3,4,3,1,3,4,4,1,4,2,2,2,0,3,2,4,1,5,5,4,5,2,5,2,1,1,4,5,0,3,3,5,3,2,1,3,5,6,2,3,3,2,4,4,3,6,10,2,6,5,5,6,3,2,4,8,8,5,3,3,3,6,6,8,1,4,4,1,6,5,4,4,3,5,2,5,5,3,2,4,2,4,4,1,2,4,3,5,4,4,3,1,3,5,2,4,3,5,5,1,4,6,4,3,2,0,4,5,2,4,5,3,2,5,3,2,1,6,6,3,6,2,3,3,2,3,7,5,7,5,4,1,2,1,0,1,4,5,1,4,2,7,5,2,5,3,1,3,2,6,1,5,3,2,4,4,6,4,2,3,4,3,4,5,1,9,6,7,10,0,2,5,4,1,4,2,3,3,4,3,2,4,2,3,2,3,3,6,3,10
109,6,5,2,6,3,5,0,4,1,4,6,1,6,3,2,2,3,5,2,6,3,1,1,4,5,7,3,2,3,1,4,4,2,6,3,5,1,3,5,3,5,3,4,3,5,2,2,5,7,3,0,1,5,4,4,1,3,4,3,1,3,5,2,2,2,2,2,4,1,3,5,5,8,6,5,4,10,4,4,5,1,5,6,3,5,4,3,3,6,3,0,4,2,3,5,5,6,4,5,5,6,1,2,1,2,7,5,6,3,5,3,3,6,8,4,1,3,1,2,1,4,1,3,4,4,2,6,6,4,4,3,9,3,6,8,6,4,4,2,6,2,4,3,2,5,4,7,0,3,4,3,3,3,5,1,5,2,7,2,4,3,5,5,4,4,7,3,4,6,2,1,4,4,3,2,4,3,2,6,4,6,3,1,3,2,4,1,3,2,1,3,2,1,5,3,3,2,3,1,0
11,5,4,7,4,2,6,3,3,2,2,2,2,1,2,4,5,4,2,4,2,1,3,6,5,2,2,1,4,2,0,2,3,2,6,5,3,5,3,2,5,4,7,3,3,5,3,2,2,5,0,2,4,1,4,2,6,1,3,2,5,3,5,5,4,5,1,5,4,5,4,2,2,3,3,9,2,5,5,5,4,3,3,1,4,7,4,3,5,5,2,2,6,3,2,6,1,3,4,3,3,4,2,2,3,2,2,4,2,2,5,2,3,3,6,4,3,3,4,3,1,5,6,2,5,3,6,1,1,0,1,1,3,1,3,2,4,1,1,2,4,3,9,5,3,3,5,3,4,1,8,0,3,2,1,3,4,3,2,1,10,3,7,4,3,4,7,1,4,0,0,4,5,4,5,2,0,6,2,5,5,6,2,7,9,1,2,4,2,3,1,6,3,2,2,1,6,1,3,5,4
110,3,3,4,5,2,5,4,1,6,3,3,7,3,2,5,4,5,3,2,6,4,7,3,1,8,7,3,0,3,2,2,3,3,2,4,3,4,2,4,2,3,4,2,1,4,2,8,6,3,4,3,5,0,4,3,5,6,1,3,3,2,1,2,0,2,5,6,3,2,5,2,3,6,5,5,4,6,1,3,0,3,4,5,3,2,0,3,6,0,4,4,4,2,4,0,2,7,2,5,5,5,4,2,4,2,2,3,5,4,3,2,5,4,3,4,6,4,3,1,6,4,4,1,5,2,6,3,2,5,3,5,4,8,4,2,2,4,3,2,3,2,2,3,2,6,2,1,3,6,6,3,1,3,1,4,2,1,2,2,4,4,7,2,4,1,0,3,7,5,3,3,3,1,2,4,3,2,1,5,4,1,2,5,3,7,3,2,6,5,4,5,3,1,1,1,6,4,5,5,4
111,5,0,2,2,8,4,5,3,2,2,9,6,2,10,2,3,2,3,3,6,1,3,1,3,4,2,4,2,4,3,7,1,3,5,8,6,5,2,4,2,3,7,6,1,3,3,2,1,3,3,3,2,4,2,1,3,3,2,3,5,4,2,3,4,5,4,1,4,3,1,4,5,0,5,1,0,3,1,7,5,2,5,6,5,2,5,4,2,2,2,4,4,5,4,2,4,4,7,5,3,3,2,3,3,2,2,3,5,3,4,1,3,2,1,0,5,4,5,4,4,3,4,3,2,2,1,5,4,4,0,2,3,4,4,3,2,3,5,8,4,3,3,3,1,3,3,4,3,1,3,4,3,5,1,2,6,2,3,2,4,1,1,7,4,2,3,5,4,6,1,3,2,1,7,3,4,10,3,3,1,4,2,2,4,3,3,1,6,2,4,4,3,5,5,3,5,5,4,3,5
112,2,2,4,4,3,4,3,2,2,4,2,4,3,1,2,6,4,2,4,5,1,4,5,2,3,1,3,2,1,4,3,7,4,1,3,3,4,4,5,4,2,2,0,3,3,1,2,1,5,3,5,4,1,4,3,4,4,5,3,3,5,3,6,5,5,11,2,2,0,2,3,4,4,3,3,4,1,5,3,4,5,4,5,2,4,5,2,3,6,3,4,7,6,1,4,10,1,4,6,5,3,7,3,3,6,2,10,3,6,6,3,1,1,1,3,7,2,3,2,1,2,3,2,3,5,6,1,3,4,5,2,2,6,2,3,2,3,2,3,4,5,3,3,3,2,4,4,5,4,3,4,4,1,0,3,3,8,4,7,4,2,1,2,5,3,1,3,5,1,1,2,3,2,4,2,1,10,5,3,2,2,2,4,6,1,2,5,4,3,5,3,2,8,5,2,1,8,8,5,4
113,3,3,2,5,1,6,2,5,4,4,3,6,4,2,5,2,2,2,2,3,4,2,3,3,2,4,3,3,5,5,2,5,3,4,5,4,3,7,10,3,6,6,3,3,2,3,1,6,3,2,6,4,2,4,3,2,3,6,5,1,1,1,4,4,3,2,3,5,6,5,4,9,5,5,7,1,0,4,1,1,2,5,5,6,3,3,3,3,2,4,2,3,2,7,5,3,4,4,3,4,3,1,6,4,2,3,4,1,2,4,2,2,3,5,7,4,0,1,5,7,4,2,6,3,7,1,4,2,5,2,4,4,3,5,4,3,4,1,2,1,3,5,2,10,4,4,3,2,6,5,5,2,7,5,5,5,3,2,8,4,5,4,1,3,2,2,3,3,2,5,5,4,5,1,1,3,6,3,3,1,7,5,7,1,1,2,4,8,2,3,7,8,4,4,4,3,4,4,4,4
114,3,3,4,5,2,2,3,6,2,0,4,3,4,0,1,2,3,3,4,4,5,7,3,3,2,5,4,7,2,4,1,4,2,1,2,3,3,4,4,5,5,8,5,2,1,4,3,1,2,4,1,5,6,7,3,5,2,4,3,0,3,3,4,5,2,1,3,3,4,5,2,5,1,2,4,5,1,7,1,4,3,2,8,4,4,2,5,2,3,4,3,3,4,4,1,4,4,5,2,5,3,5,5,3,3,2,7,3,3,1,10,6,3,3,2,5,6,2,3,3,3,4,4,3,6,4,5,0,5,4,3,6,3,2,4,7,2,3,1,6,5,4,3,7,4,5,4,3,4,3,5,3,1,4,4,3,2,2,3,4,1,1,2,2,2,3,6,7,4,6,3,7,5,3,5,5,6,3,3,3,3,3,3,4,2,2,3,3,4,4,4,3,4,4,2,5,1,6,2,4
115,5,3,5,2,0,2,4,3,4,1,4,5,5,2,2,1,8,6,3,4,6,4,3,4,4,3,1,4,2,3,4,1,0,4,7,4,1,2,7,3,5,2,3,2,7,5,3,2,4,4,2,6,3,0,5,5,9,4,3,2,2,1,3,3,5,2,5,6,5,3,2,5,4,1,3,5,3,1,2,3,4,1,2,5,2,4,3,3,2,3,4,3,2,5,5,2,2,0,2,4,4,3,4,2,2,6,2,3,2,1,3,2,8,3,2,3,1,4,1,2,3,5,1,2,5,3,5,4,7,2,1,4,1,2,2,4,4,3,2,4,3,2,4,2,5,2,3,5,5,5,3,5,4,1,5,3,2,5,0,3,5,1,5,1,5,6,6,2,1,3,2,6,4,8,3,1,3,1,3,2,6,3,5,0,5,4,5,2,2,5,1,4,3,3,4,3,3,4,3,2
116,5,5,4,3,6,4,8,0,2,1,2,2,6,6,4,5,3,2,2,1,5,2,8,2,1,2,1,1,0,3,4,2,4,4,2,2,4,2,1,3,1,3,5,3,6,5,3,4,0,1,6,4,5,2,1,1,1,5,5,6,4,3,2,4,4,2,3,5,2,5,3,4,5,2,5,6,6,1,3,3,4,5,4,4,2,3,2,1,3,3,5,7,2,2,6,3,3,2,3,3,3,6,4,4,4,3,4,7,3,1,3,3,2,3,7,2,7,1,4,4,1,6,6,2,5,6,3,5,1,3,2,2,3,2,4,2,2,2,8,5,1,3,1,8,5,5,4,7,4,0,2,2,1,4,3,5,4,1,3,4,2,3,3,3,4,5,0,3,6,3,4,3,2,3,5,3,5,2,6,3,1,4,4,2,3,2,1,3,8,1,4,1,4,4,4,5,4,3,9,4
117,2,4,4,0,4,5,3,3,5,4,2,1,2,6,1,4,1,4,8,3,1,2,2,2,3,2,5,2,2,1,1,3,2,2,7,4,2,7,5,1,1,3,2,2,2,2,4,8,2,0,4,1,1,3,3,2,5,3,4,3,2,4,3,3,8,5,2,1,5,4,3,4,4,2,4,5,2,4,4,5,1,5,3,2,4,4,2,5,2,4,3,3,5,3,2,5,3,4,4,2,4,3,4,1,4,3,4,1,1,0,1,3,4,6,3,1,4,6,5,3,1,3,4,2,5,1,2,2,2,8,3,7,1,4,3,6,3,4,2,3,2,0,3,7,6,3,1,1,3,3,4,4,1,2,2,0,3,2,5,3,4,9,1,2,4,2,7,2,2,3,3,2,4,2,5,1,2,6,3,2,3,6,1,3,7,2,5,6,2,3,2,2,2,5,3,3,6,3,2,4
118,6,4,9,2,1,3,1,7,2,4,6,7,2,3,2,4,8,3,5,1,4,3,4,5,3,4,2,6,1,3,2,2,4,3,2,3,1,0,6,2,3,5,2,3,3,3,0,1,1,3,2,1,2,7,3,7,5,3,2,2,5,2,1,1,3,6,4,2,4,7,2,2,3,4,4,1,7,5,0,4,1,3,4,6,3,2,2,5,4,5,7,2,1,1,3,4,2,6,3,4,2,4,2,1,7,4,4,4,3,3,5,4,4,4,3,0,2,2,6,2,5,1,4,6,6,4,6,4,7,6,6,3,3,5,3,6,1,5,2,4,7,2,4,3,4,3,4,4,3,4,4,15,6,2,2,1,1,1,2,4,5,3,7,2,7,7,4,3,2,1,5,8,6,4,4,4,4,3,1,3,4,2,4,1,2,4,3,3,2,3,5,3,4,4,3,3,3,3,2,4
119,0,4,3,3,3,3,1,2,3,3,4,6,3,6,2,3,4,3,2,2,1,1,4,5,4,4,4,8,3,4,2,5,2,2,2,3,4,4,4,2,4,4,6,5,5,4,3,1,5,0,5,5,5,5,4,1,1,2,4,1,2,3,1,5,2,3,3,4,4,1,4,0,4,3,5,2,5,5,8,4,2,2,5,3,3,2,2,1,5,1,4,2,3,6,4,3,3,2,5,4,0,5,3,3,1,2,5,4,4,3,2,5,1,5,6,5,3,2,3,6,7,2,6,4,1,5,2,6,4,1,4,3,4,5,0,7,6,3,2,3,3,5,3,5,3,0,2,6,5,2,3,5,4,2,6,4,3,6,1,2,2,1,1,0,6,2,3,2,4,3,2,1,8,5,2,3,2,4,4,5,2,3,4,2,2,4,2,4,5,4,9,2,4,5,2,5,3,2,4,2
12,3,6,5,6,6,3,2,6,3,7,2,5,2,3,2,3,3,4,4,2,2,4,1,6,3,4,1,3,2,5,1,1,4,4,4,5,4,2,3,1,6,6,4,2,4,6,0,4,3,6,1,0,2,4,3,5,4,3,6,4,4,3,4,5,2,4,5,4,4,2,2,7,7,4,3,4,4,4,6,4,4,4,1,1,5,3,2,6,1,2,5,1,10,1,4,1,5,5,1,7,3,1,1,3,2,1,2,7,6,3,6,3,3,3,6,4,3,4,5,3,4,5,3,2,3,0,7,2,1,1,5,0,7,0,1,3,3,4,1,1,2,7,2,6,4,4,3,4,3,4,3,2,5,3,4,1,5,6,3,8,1,3,4,2,1,4,3,4,4,1,4,7,3,7,3,3,2,3,3,4,4,5,1,4,3,5,2,3,2,1,4,1,3,3,5,5,8,4,1,1
120,1,2,7,4,3,7,5,5,2,4,3,4,1,6,2,1,1,2,4,3,2,1,1,4,1,2,8,4,3,3,1,7,4,0,4,6,2,5,2,6,6,1,2,3,2,3,3,2,3,4,3,2,3,0,2,2,10,1,1,0,3,3,4,7,4,2,8,3,3,2,1,4,2,4,3,2,5,3,4,6,1,4,4,3,2,2,3,5,5,2,3,5,1,2,4,6,2,5,2,3,1,2,7,7,2,5,3,3,5,7,4,1,4,3,4,5,3,5,3,1,1,2,4,2,5,0,1,3,3,1,6,4,4,3,6,3,5,1,5,0,4,4,4,3,2,2,4,3,2,4,2,2,5,3,8,1,7,8,2,3,4,6,3,4,3,3,7,3,5,7,6,4,4,5,4,3,4,3,1,4,3,4,2,8,5,5,6,2,2,0,7,4,1,5,2,0,2,5,3,6
121,4,0,2,3,1,6,1,2,5,0,0,2,1,5,8,2,2,7,5,2,3,5,2,3,1,3,7,6,4,4,4,7,5,1,4,2,4,1,1,2,5,6,0,5,3,2,4,3,2,2,2,6,4,0,4,0,4,3,6,2,6,4,4,3,3,1,5,7,0,6,3,2,2,2,4,9,2,3,3,5,4,3,7,0,6,4,1,3,6,0,5,4,2,4,7,3,1,0,1,4,4,8,0,5,1,6,7,3,1,7,4,3,5,3,5,5,8,1,3,2,3,3,5,4,1,5,7,2,4,2,5,1,4,1,3,4,4,5,3,3,8,2,2,5,4,6,8,4,5,5,1,3,6,5,2,5,3,4,0,4,3,4,4,5,3,3,5,2,2,3,4,2,4,3,4,5,4,3,4,4,4,7,3,7,7,2,7,3,2,4,3,2,2,4,4,3,3,2,4,2
122,3,4,8,3,3,4,2,7,5,3,4,1,3,1,3,2,3,3,1,3,2,0,2,3,3,4,6,2,2,3,5,3,4,1,2,4,4,2,1,4,6,6,3,4,9,6,3,4,6,4,4,2,3,5,4,5,2,2,2,3,1,4,4,5,5,3,2,5,3,2,2,1,1,2,6,1,2,1,3,0,4,1,7,6,0,5,3,4,6,5,7,5,6,3,5,6,8,1,7,3,2,6,5,4,5,2,2,4,4,3,2,2,3,3,2,0,2,5,5,7,6,3,2,2,3,5,1,2,4,5,6,5,3,2,2,2,3,1,6,4,3,0,3,2,3,2,7,2,1,3,5,5,6,6,4,3,7,2,4,1,3,1,2,3,3,5,1,1,5,3,2,3,4,7,4,6,5,3,6,1,8,3,2,4,3,6,5,2,2,2,1,8,3,4,4,3,3,2,2,2
123,4,4,4,5,0,5,3,5,0,1,8,4,4,1,2,0,4,1,7,5,6,5,3,3,4,2,1,2,4,2,0,6,4,3,5,3,3,5,3,4,6,2,1,4,4,5,3,6,4,3,4,2,3,2,5,3,0,4,1,1,2,3,4,5,4,3,4,3,4,3,3,2,4,2,4,3,4,2,3,6,3,6,2,6,3,7,5,4,5,1,1,7,3,9,2,2,1,4,1,5,3,2,0,4,1,6,8,7,5,6,3,1,4,5,4,1,3,5,4,2,1,3,5,2,1,2,2,3,3,8,0,6,4,2,3,1,7,4,4,0,5,5,3,1,5,2,2,4,2,5,8,2,4,4,2,6,5,1,2,2,4,3,3,0,7,1,2,2,1,2,2,2,5,8,4,3,3,2,4,2,5,8,2,3,2,3,4,1,5,2,1,1,3,1,5,4,5,3,8,4
124,4,1,3,3,2,1,2,3,4,0,2,4,5,5,4,7,2,5,3,4,2,4,4,4,3,5,1,1,3,5,3,5,3,3,5,3,1,5,3,5,2,4,2,5,3,4,5,2,4,1,4,1,4,1,3,2,5,1,2,3,3,1,2,3,1,5,2,7,8,3,1,5,4,3,3,1,5,1,1,4,1,2,4,7,3,2,3,7,3,2,4,3,6,2,2,2,0,5,2,4,3,4,3,3,4,4,4,6,6,3,3,2,2,3,3,2,4,4,3,3,3,1,3,2,1,1,5,6,1,5,2,6,4,3,1,2,3,3,4,5,8,4,5,7,3,4,4,5,2,1,1,6,5,2,4,1,4,6,5,1,2,4,3,2,4,7,1,5,4,1,6,6,0,6,2,2,3,3,6,4,3,4,2,5,4,5,3,6,5,5,4,3,3,5,3,3,3,4,3,2
125,4,5,7,1,2,5,8,0,4,2,4,2,4,4,2,4,4,7,4,4,7,2,3,3,6,3,5,6,4,6,3,2,2,4,4,5,4,3,3,4,3,4,4,2,4,2,3,3,1,4,7,5,2,3,3,6,3,5,3,6,3,0,2,2,1,4,4,2,4,3,3,3,0,7,4,2,4,2,3,5,3,3,4,10,4,6,4,2,3,6,5,3,3,2,6,1,5,1,1,5,5,4,4,3,6,3,3,5,3,5,4,3,6,5,4,2,7,2,4,3,4,2,6,2,2,4,8,3,2,3,5,0,1,3,0,4,3,3,7,6,1,4,6,2,3,6,4,4,5,2,1,3,5,9,5,3,2,4,1,6,2,4,5,5,4,6,3,1,4,4,4,5,2,1,2,2,1,3,3,6,4,3,4,3,0,1,6,6,6,3,4,0,2,3,3,6,2,4,3,0
126,2,5,3,0,6,5,2,5,2,7,2,1,2,2,2,2,5,3,2,4,1,2,2,5,6,6,3,3,6,2,2,4,3,4,1,7,5,3,4,4,3,5,4,3,3,7,5,5,2,3,4,2,1,1,3,3,2,3,3,2,7,1,3,3,1,4,4,3,2,6,2,2,3,4,2,3,2,3,3,5,5,2,4,3,2,6,3,2,4,3,5,2,4,4,1,2,2,0,3,5,3,0,4,5,5,6,3,3,5,0,7,1,4,4,3,4,5,4,3,3,4,3,3,1,8,3,3,5,3,7,1,5,7,4,3,3,5,2,6,2,6,1,5,3,6,4,6,6,4,2,4,1,5,2,2,3,4,4,6,3,7,0,6,4,2,4,3,1,3,2,3,4,1,3,3,3,6,5,6,2,4,5,6,8,5,4,8,6,3,3,3,3,2,5,3,4,3,1,5,6
127,4,6,6,2,8,7,3,4,6,7,6,2,2,3,4,3,5,5,3,8,3,3,0,2,4,3,6,7,4,2,0,3,3,3,1,3,4,3,5,3,1,4,0,4,3,3,2,3,2,2,3,7,1,3,3,2,2,3,5,2,5,6,3,2,3,5,1,4,2,5,3,4,1,4,2,6,2,4,1,2,3,6,6,3,2,2,7,2,5,4,3,1,2,2,3,1,6,2,5,9,1,6,3,7,3,4,5,2,3,6,4,3,1,3,2,2,2,2,2,6,2,4,2,2,5,6,5,2,3,1,4,2,7,3,2,1,2,0,4,7,2,5,2,0,0,1,1,4,2,2,4,0,2,2,4,3,1,2,2,2,2,8,4,2,1,5,4,5,3,3,5,3,6,1,6,5,3,0,2,3,5,5,4,1,2,2,5,2,4,3,1,5,5,4,2,4,3,7,4,3
128,6,4,2,1,5,6,3,3,6,5,5,2,4,4,7,6,5,0,5,1,0,5,1,2,2,2,1,5,4,3,2,4,5,6,1,5,4,5,3,5,2,2,1,6,0,5,3,2,4,6,3,5,3,3,2,3,7,5,3,6,5,5,5,1,5,2,2,1,4,6,9,5,2,4,3,1,1,2,3,5,4,4,3,3,6,8,8,6,4,3,0,2,6,2,6,5,2,2,0,0,1,5,3,4,3,6,8,5,1,4,3,2,3,6,0,2,5,3,1,6,5,3,2,6,4,2,4,0,3,1,0,2,7,4,3,4,6,2,2,3,3,2,1,2,1,3,2,4,2,2,5,3,5,1,2,1,4,5,5,3,3,3,3,1,5,0,4,3,7,5,2,3,2,4,5,4,3,5,4,2,6,5,3,4,3,3,6,4,2,2,3,2,4,3,1,5,1,3,6,2
129,3,6,2,2,3,3,6,4,2,5,7,1,5,2,6,5,3,1,1,5,1,5,5,4,2,2,3,3,9,1,5,1,4,4,0,1,2,2,2,2,3,2,3,2,2,5,0,1,3,3,8,5,2,7,3,6,3,5,2,6,4,0,6,0,5,4,11,1,1,3,5,5,4,8,5,1,4,1,1,2,2,3,5,3,3,4,5,2,2,3,3,4,3,5,6,4,4,1,5,3,1,0,4,2,0,8,3,4,3,4,5,3,3,4,4,2,4,4,4,5,0,5,1,5,6,5,2,5,6,5,4,2,5,0,3,2,2,2,3,4,1,3,5,4,2,7,3,3,6,2,3,3,2,3,1,4,3,2,5,4,2,2,2,2,9,5,4,3,3,1,3,5,3,6,10,3,2,3,1,1,3,3,3,3,2,3,4,2,5,1,4,7,4,4,0,4,5,7,5,0
13,4,3,2,3,2,1,3,3,2,2,2,2,4,3,3,7,3,2,4,0,1,6,4,5,4,4,3,4,3,0,2,4,2,3,0,1,5,7,4,4,4,4,0,7,2,4,6,0,2,4,6,2,8,3,2,6,5,6,5,3,3,2,3,2,3,4,1,2,4,3,0,2,3,3,1,2,7,4,5,3,5,5,2,2,2,2,2,6,4,3,2,3,3,2,9,4,5,3,3,3,5,3,3,3,3,3,2,5,5,4,3,5,5,1,7,3,3,3,3,2,3,1,5,0,2,2,3,4,5,4,3,5,3,5,4,4,3,1,2,6,2,5,5,8,3,3,3,2,2,4,7,3,4,2,2,6,4,3,3,1,3,5,1,4,4,5,5,5,2,5,5,5,6,4,5,4,5,6,4,1,2,1,2,5,4,5,1,2,4,5,4,4,4,1,4,0,3,3,5,2
130,2,1,3,0,4,3,4,1,3,1,1,4,5,6,6,4,6,2,0,2,1,6,4,1,3,5,4,3,3,4,1,0,7,9,4,1,5,2,3,2,1,6,4,6,6,2,4,3,4,2,5,6,5,2,2,4,4,4,2,4,2,2,6,4,1,4,2,3,3,6,2,4,3,2,1,2,3,3,6,1,3,2,4,5,9,4,5,3,2,1,4,3,2,2,1,3,5,3,4,4,4,3,3,8,2,2,8,2,4,7,5,4,0,1,3,4,2,6,3,4,4,1,3,3,3,2,1,7,2,6,5,1,5,2,4,2,3,2,3,3,5,4,3,7,4,3,11,3,7,1,2,0,5,1,2,3,3,5,3,8,4,4,7,4,6,7,4,2,2,7,2,1,3,4,4,1,4,3,2,1,1,6,3,5,3,5,2,3,8,12,4,2,4,3,2,5,5,8,2,2
131,5,3,6,4,3,1,4,2,2,1,3,3,3,5,3,1,5,5,3,3,3,3,2,4,2,3,1,3,1,7,6,3,3,2,2,5,3,4,5,1,3,1,2,4,2,4,5,3,8,5,3,1,3,3,6,1,2,7,4,3,3,6,4,5,6,6,3,6,5,2,3,3,3,5,1,4,2,4,2,3,5,0,3,3,1,4,9,2,2,8,4,2,4,7,4,4,5,6,4,4,3,3,2,4,4,4,2,2,3,2,2,5,4,4,6,3,3,2,4,2,6,5,4,4,1,4,8,7,2,5,3,2,3,7,3,1,5,2,3,8,2,4,1,3,4,0,4,1,4,6,2,0,5,3,0,1,1,2,0,3,7,1,5,2,3,4,3,5,3,4,1,2,6,3,2,2,3,3,2,5,2,1,5,3,2,4,3,6,10,3,4,5,5,2,2,3,2,6,3,4
132,0,4,7,3,2,4,5,6,4,3,1,9,3,1,5,5,3,5,6,4,2,3,2,3,3,3,3,3,4,1,4,1,3,3,3,7,3,2,4,3,1,1,2,1,3,2,2,3,4,3,3,2,3,3,4,5,2,3,3,5,7,2,2,7,3,4,5,5,5,2,6,1,1,2,2,5,3,6,8,5,3,2,2,3,3,3,1,1,0,4,1,4,5,6,3,7,3,5,4,8,2,1,5,4,0,3,5,3,4,3,5,1,3,4,2,3,4,3,3,2,3,1,5,2,4,5,2,4,5,2,3,5,2,2,6,4,3,5,6,1,2,7,3,3,0,1,5,5,0,4,3,2,2,6,6,3,5,2,4,4,3,5,3,4,3,1,4,1,6,4,10,1,1,2,2,1,5,5,7,1,4,3,3,4,5,1,5,4,4,5,2,3,3,1,4,3,1,4,1,1
133,4,3,4,6,4,1,7,1,3,3,0,6,3,2,3,4,3,4,4,3,3,2,2,4,2,5,2,3,2,2,5,1,4,1,2,4,4,4,0,3,8,2,5,3,4,2,1,2,2,1,3,4,5,2,4,2,12,5,1,3,5,3,5,7,5,6,0,2,2,1,3,7,5,5,1,3,1,2,3,2,5,5,4,4,1,6,3,2,1,0,3,4,2,2,7,0,4,5,3,0,6,4,5,6,5,4,6,6,5,1,3,4,5,4,5,1,6,1,2,4,4,6,4,0,3,4,6,6,5,4,3,3,4,4,4,3,10,4,5,2,5,2,6,9,8,6,4,5,1,4,2,4,3,1,5,3,1,3,2,6,5,4,3,3,0,2,3,9,1,8,4,2,5,1,4,3,4,4,5,3,3,5,2,2,2,2,2,3,2,2,3,1,8,0,2,6,2,4,10,5
134,3,4,4,5,2,0,3,5,5,2,2,3,1,5,5,1,6,2,3,3,3,6,4,5,4,10,1,2,7,3,3,4,2,0,5,3,3,3,2,3,4,1,3,2,1,5,1,6,5,4,2,2,1,4,4,1,5,5,2,3,4,3,1,3,0,6,5,5,2,7,3,1,6,6,7,3,4,1,3,2,5,2,1,3,6,1,3,2,4,5,3,2,5,4,7,4,3,2,1,5,4,3,1,4,3,4,6,2,4,7,4,2,2,2,2,5,2,4,1,6,1,6,3,3,7,5,3,0,3,7,4,4,4,9,2,3,1,3,1,4,6,2,2,2,2,2,6,3,3,2,1,4,5,0,6,2,5,3,6,7,6,0,8,5,3,5,6,2,5,10,3,8,2,6,2,1,4,5,2,1,7,2,4,2,2,1,4,3,2,4,2,6,4,3,2,2,4,5,6,2
135,3,3,4,7,2,6,5,1,1,4,4,4,5,5,5,5,4,3,5,2,5,2,4,2,2,8,3,2,3,6,2,2,2,5,1,4,2,3,3,6,4,4,4,7,1,4,5,7,2,5,4,8,1,4,4,4,1,3,2,9,1,5,6,1,2,4,3,2,4,5,2,3,5,1,1,4,4,1,3,5,5,0,4,3,2,3,2,6,9,4,1,6,5,5,5,4,2,4,5,3,2,5,5,2,5,3,5,6,2,3,2,1,3,8,2,1,4,3,4,2,6,0,2,3,2,5,6,3,6,4,2,4,3,2,2,4,2,3,7,0,7,3,2,8,2,2,3,2,4,4,2,2,6,4,5,5,7,4,4,8,2,3,2,5,2,3,3,7,4,3,3,3,5,2,1,6,4,5,3,0,3,2,6,1,2,4,3,5,5,6,2,2,3,2,2,4,7,2,4,4
136,2,5,3,3,6,3,6,6,1,8,4,6,3,2,1,4,7,2,5,3,2,2,6,4,3,3,4,2,3,4,4,4,5,4,4,3,2,4,8,0,3,3,7,3,4,5,3,6,2,6,4,7,2,3,6,4,3,3,2,3,1,5,1,2,3,7,0,4,3,2,2,2,2,7,2,5,1,1,1,2,0,3,3,4,3,1,3,1,4,3,5,1,1,5,1,6,3,8,5,4,5,3,4,1,5,5,7,2,3,4,9,3,6,5,0,6,0,3,0,3,3,6,5,2,2,3,6,3,4,5,2,2,4,3,1,2,2,4,4,5,2,7,2,11,6,4,6,6,4,5,6,2,5,4,1,1,4,3,6,3,2,6,7,4,5,7,3,4,6,3,1,3,4,7,1,3,1,5,1,5,2,1,4,3,2,3,2,2,0,4,4,5,6,5,7,3,7,6,2,7
137,7,3,4,6,1,1,6,6,0,5,6,4,7,4,2,4,4,4,2,5,2,4,8,6,6,4,4,4,4,5,8,2,4,6,4,4,3,2,4,3,3,5,5,3,3,2,3,2,3,5,0,3,7,3,5,2,5,4,4,3,2,3,4,4,7,3,7,1,4,0,2,6,2,1,0,6,5,1,4,2,4,7,3,2,4,2,3,1,6,7,8,2,4,2,3,3,7,3,3,2,2,4,4,6,3,3,1,3,2,6,3,1,5,2,2,3,5,1,1,2,5,2,4,3,4,3,3,1,4,1,2,4,9,8,4,3,3,3,5,7,4,2,4,1,2,2,1,5,6,4,2,3,4,3,6,1,4,2,1,2,4,5,2,0,4,2,1,2,3,0,5,3,8,6,2,2,6,1,3,3,5,2,6,0,4,1,4,7,2,2,6,1,6,3,4,2,1,5,5,5
138,3,2,3,3,7,5,4,2,2,0,6,3,5,2,1,2,2,8,1,4,1,3,1,0,3,7,2,5,3,2,3,8,4,6,5,5,5,10,3,8,1,5,4,4,6,4,2,3,2,6,5,1,3,5,3,8,4,2,3,3,4,2,4,4,4,5,6,2,2,0,4,2,2,3,2,3,0,5,4,11,0,3,3,5,4,1,5,3,2,2,4,4,3,4,6,4,0,4,1,9,3,4,2,2,2,4,2,2,3,2,1,1,5,4,7,5,3,2,1,4,4,1,5,4,3,7,2,3,7,3,3,3,2,5,0,3,3,2,1,4,7,4,2,7,9,6,1,4,5,6,1,3,2,2,6,2,5,3,4,4,1,3,0,6,2,5,6,3,7,3,5,2,4,1,8,4,1,5,5,5,5,2,4,3,6,3,9,7,2,3,4,4,0,1,6,5,3,7,2,4
139,1,1,2,6,2,3,1,5,5,3,4,1,6,2,4,2,5,4,1,4,8,4,4,3,4,3,6,6,6,4,5,6,4,6,1,4,2,0,2,4,3,2,5,5,6,5,4,4,1,3,3,4,1,3,4,6,3,7,0,2,5,7,6,7,3,1,4,2,2,4,5,2,8,2,3,0,5,2,4,3,4,2,0,5,1,1,0,3,8,1,2,6,0,7,0,2,5,8,4,2,1,3,3,7,5,2,0,3,3,3,5,2,5,4,1,1,6,2,7,4,5,7,4,5,4,4,3,1,4,2,4,4,4,1,4,5,7,4,0,6,2,3,6,8,1,4,4,4,3,8,3,3,2,6,3,2,4,2,3,4,2,2,1,0,2,3,4,3,3,4,6,3,4,5,1,7,2,4,6,1,2,9,1,2,3,1,6,1,5,3,2,3,2,3,2,2,2,2,2,1
14,2,5,4,4,0,1,5,1,6,6,7,2,4,5,5,3,2,5,1,3,4,6,6,2,2,7,2,3,2,3,1,3,2,2,6,4,2,3,5,2,6,7,2,4,3,2,6,5,4,2,7,2,1,3,5,3,3,5,2,1,2,8,2,2,4,2,4,4,5,6,2,4,6,8,4,2,2,4,2,4,5,2,3,4,3,1,5,3,3,1,2,4,2,2,7,2,3,2,3,1,1,2,5,4,1,4,8,3,2,0,5,3,5,3,4,3,6,5,4,1,4,7,1,10,5,2,3,4,4,4,3,6,3,1,4,7,5,1,8,4,3,0,2,2,2,4,3,4,2,3,6,8,6,2,6,4,4,6,2,3,3,4,8,3,1,4,5,3,2,2,1,4,1,4,3,1,4,2,5,4,3,3,3,3,3,5,3,6,7,0,5,4,7,3,1,2,2,2,5,5
140,7,2,2,6,5,3,5,3,3,3,4,2,3,4,4,2,4,6,3,5,0,4,4,1,2,3,3,2,4,4,3,3,5,4,2,2,0,3,4,3,4,5,4,5,5,6,2,5,6,3,4,2,1,4,4,7,5,3,8,3,4,2,9,4,3,4,3,3,2,2,4,4,1,3,5,4,5,4,2,3,4,4,7,6,7,3,5,5,2,5,1,4,5,1,2,4,1,3,1,1,4,3,5,2,2,6,3,5,4,5,3,8,2,1,1,4,2,7,6,4,5,2,2,2,3,4,2,5,3,2,4,4,1,3,0,3,3,4,3,5,2,3,2,3,6,3,2,6,3,5,3,5,1,2,2,4,3,5,4,3,3,3,3,5,2,3,1,3,5,4,5,4,4,3,2,4,3,4,3,1,5,4,4,4,3,2,5,4,4,3,5,3,4,5,4,2,5,9,2,3
141,1,7,3,4,3,3,2,2,3,0,6,5,3,2,1,1,4,3,5,6,2,4,3,4,5,4,2,4,2,1,6,7,4,5,3,5,4,2,5,6,0,3,4,4,1,1,3,4,6,3,5,4,5,4,7,3,2,4,4,2,4,1,2,7,3,4,3,4,5,7,5,2,4,2,4,8,0,5,2,6,2,6,5,2,7,3,4,3,5,4,1,6,4,5,2,1,4,3,1,3,4,3,4,4,1,4,4,6,5,4,3,4,4,10,3,6,5,3,4,2,5,6,4,2,3,6,3,7,2,3,0,0,4,3,6,3,1,1,3,3,2,6,6,2,4,7,4,2,2,2,8,4,6,2,5,3,6,3,4,4,5,6,0,5,3,4,2,0,1,2,7,3,3,2,1,3,6,4,2,4,4,7,0,3,0,3,7,3,7,6,3,4,3,4,3,3,4,2,3,3
142,4,3,2,4,5,4,4,5,5,3,5,2,4,3,4,7,3,5,3,3,3,4,4,6,6,5,4,9,2,2,6,3,3,3,7,4,2,3,5,0,7,2,5,2,5,2,5,0,8,2,5,3,2,8,2,1,2,6,4,2,2,5,4,0,1,5,1,3,1,3,2,4,2,2,3,5,8,2,3,4,1,2,4,0,3,3,3,5,4,2,4,4,3,1,5,2,7,2,3,2,4,2,1,7,6,3,2,1,6,4,3,4,2,2,8,3,3,5,4,7,3,2,5,3,5,5,3,4,6,4,3,4,4,2,4,1,4,4,3,2,2,3,5,3,6,7,2,2,5,4,3,2,4,2,6,5,2,4,5,1,5,5,2,2,1,4,1,7,5,0,3,7,5,5,2,1,4,5,4,2,4,2,8,2,3,6,3,2,5,3,5,3,3,4,0,6,4,3,0,4
143,6,2,1,0,5,5,2,3,5,3,4,2,4,4,2,1,3,4,2,1,5,4,3,1,2,2,3,3,3,5,1,1,4,2,3,4,6,4,5,1,2,3,1,5,4,2,3,4,3,5,5,2,4,2,5,2,4,4,4,2,1,4,2,3,4,3,2,3,3,2,2,4,3,3,8,6,3,5,4,4,5,7,6,2,4,6,6,4,3,8,3,5,4,2,4,3,3,5,3,4,6,5,2,9,5,0,4,1,5,2,1,5,7,2,7,2,5,7,2,2,5,4,2,2,6,6,3,4,4,3,2,4,1,1,3,6,4,2,4,2,6,6,5,1,5,6,5,3,9,7,2,2,4,4,2,5,8,8,3,2,3,5,2,0,2,1,3,5,2,1,3,4,5,4,5,5,3,2,4,6,3,3,3,3,4,2,4,1,7,3,3,7,1,5,4,7,7,3,2,10
144,2,6,6,5,9,7,1,4,6,2,3,4,3,3,3,3,3,2,4,2,3,3,3,2,8,8,3,4,1,5,5,4,0,5,3,1,6,3,4,6,5,3,5,3,3,5,3,3,0,4,4,5,4,3,1,1,2,4,4,4,5,1,2,0,4,1,6,3,2,4,1,3,1,1,5,5,2,8,3,4,3,2,2,2,2,5,4,8,4,4,3,3,4,7,3,4,1,6,6,3,1,3,4,4,3,2,4,7,3,5,6,4,5,4,2,4,2,0,3,7,5,2,4,4,3,4,4,2,7,4,3,4,7,2,2,3,3,5,6,6,2,4,0,2,4,6,5,3,3,1,5,4,2,5,2,4,6,6,0,6,3,4,3,6,2,3,3,4,1,3,3,2,4,2,3,2,2,3,3,3,2,5,4,3,6,3,2,3,3,4,5,4,2,5,10,3,0,3,7,3
145,2,3,1,2,3,2,5,3,5,5,2,2,3,3,2,3,5,5,3,4,2,3,6,4,4,1,1,1,3,6,2,2,1,1,4,1,5,2,1,1,4,4,5,4,4,0,2,5,5,5,1,3,3,2,3,3,5,2,1,6,1,1,3,0,3,7,2,4,2,6,2,4,4,3,5,2,5,7,4,4,4,7,3,1,2,3,3,7,5,2,3,0,2,2,1,4,2,7,2,3,4,4,5,1,3,3,6,7,4,4,0,1,0,3,3,6,2,6,5,5,2,4,2,4,4,4,7,5,1,4,3,5,7,8,2,1,2,1,5,2,2,0,2,0,1,2,0,5,3,5,1,5,1,3,2,4,2,2,2,6,3,2,3,3,4,1,4,7,5,4,8,5,2,7,3,6,3,4,1,2,7,7,2,3,5,4,4,3,4,1,2,4,4,5,3,4,3,4,2,6
146,4,0,7,2,3,5,1,3,3,4,2,7,3,2,3,4,5,2,2,4,4,8,4,7,3,4,2,4,3,3,3,4,2,3,2,3,3,3,2,2,4,7,2,4,2,2,5,6,5,5,6,5,4,4,1,6,4,1,1,4,1,7,5,2,4,3,3,3,7,3,2,3,3,3,3,2,5,5,2,1,7,4,1,6,4,1,5,2,2,4,3,4,4,4,5,9,3,3,3,7,3,2,6,5,2,2,0,3,3,2,3,6,4,1,3,7,2,5,6,3,3,2,3,2,2,2,3,3,3,3,7,2,2,4,7,2,3,4,4,3,3,1,4,5,2,2,1,4,2,3,3,3,1,6,0,7,2,5,1,3,4,2,5,3,4,3,1,6,0,0,4,1,3,6,2,5,0,9,4,2,2,3,3,4,4,3,2,3,4,4,1,1,4,4,3,1,2,3,4,2
147,5,4,2,2,3,3,5,4,3,0,6,1,2,5,4,2,3,3,2,1,6,3,1,2,5,5,4,7,5,1,1,2,7,1,3,3,4,8,2,3,4,5,6,4,2,2,4,5,4,1,2,1,4,5,2,2,3,6,4,6,1,3,2,7,4,3,3,3,3,2,4,5,6,2,5,6,3,5,4,5,2,3,3,2,2,3,2,5,2,6,2,2,2,7,6,2,8,3,4,2,4,3,2,2,3,6,3,3,3,2,2,4,3,7,4,3,2,5,3,2,4,2,2,5,4,6,9,4,2,4,7,5,2,3,5,6,3,1,3,1,5,4,2,4,1,4,5,1,1,5,4,6,3,0,4,5,7,6,4,3,0,5,4,1,6,2,1,3,3,3,2,2,4,1,3,0,4,4,4,7,1,1,8,2,4,6,1,1,5,3,5,5,2,2,6,4,4,5,1,2
148,2,1,0,4,3,2,3,2,3,3,2,3,6,4,5,2,5,1,1,1,2,2,4,4,1,4,4,3,2,3,4,0,6,4,5,4,2,3,3,2,3,1,4,5,3,7,7,2,5,3,3,3,7,6,4,5,3,2,4,5,2,0,4,4,5,6,3,3,1,7,5,3,2,4,6,2,1,5,5,5,2,4,5,5,4,10,3,2,2,2,1,2,4,1,3,2,8,1,3,3,7,3,2,5,1,4,4,2,2,4,4,7,4,6,3,0,2,3,5,2,3,2,1,1,2,2,2,5,0,5,3,2,4,7,6,4,12,3,3,2,5,5,3,3,1,4,2,9,1,5,8,4,3,7,3,6,5,2,1,3,4,3,6,5,5,3,3,2,6,3,1,2,3,5,2,2,4,3,5,3,2,5,9,8,2,1,6,1,2,6,5,1,1,5,2,6,2,0,4,2
149,4,2,4,5,4,2,2,3,2,3,3,2,2,5,5,3,2,5,6,5,4,2,6,3,2,2,3,4,6,8,3,4,1,6,4,4,3,3,2,3,6,4,3,3,0,4,5,4,5,3,2,2,3,3,3,12,1,4,9,4,2,2,6,4,1,3,4,6,3,4,0,4,4,6,7,4,2,2,5,2,1,5,5,2,2,4,3,6,6,3,4,5,3,1,4,3,4,2,2,3,4,1,4,3,1,3,6,3,4,3,4,4,1,2,1,6,2,2,5,4,5,3,3,3,3,1,3,4,4,7,5,5,4,1,6,4,2,3,4,2,6,3,4,9,1,1,5,4,4,5,5,2,5,6,8,8,3,1,5,5,2,1,3,3,3,4,2,2,5,3,5,2,3,6,3,3,0,3,5,6,6,6,3,2,5,3,5,0,1,1,3,5,4,2,1,1,3,2,2,4
15,3,3,2,3,5,2,0,3,2,4,4,2,3,3,2,2,3,2,5,5,5,5,5,4,5,3,3,1,4,8,8,2,1,4,2,4,2,7,2,4,6,6,6,2,4,1,5,1,3,4,3,2,6,5,4,3,1,2,6,1,7,2,5,4,3,3,3,1,5,2,2,3,4,4,6,3,2,7,3,4,4,4,6,2,5,4,6,2,2,4,5,3,0,5,4,3,5,4,5,3,2,5,6,0,5,3,6,2,3,1,2,3,0,3,4,4,0,3,2,2,3,3,3,4,7,1,3,4,6,3,2,3,2,3,4,2,8,3,4,6,6,1,2,4,2,4,5,3,2,3,3,3,3,3,6,3,4,7,2,3,7,0,4,3,3,4,2,2,7,4,3,3,5,3,4,1,4,4,3,3,4,6,3,6,6,3,5,3,8,3,4,4,8,8,4,3,6,4,4,3
150,0,4,6,5,3,0,5,3,7,1,2,4,4,3,2,7,6,6,3,3,2,2,4,4,9,6,1,3,2,5,3,5,5,6,2,2,4,9,4,5,5,1,6,2,2,5,8,3,6,6,6,7,4,4,4,1,2,5,4,2,2,5,1,2,3,5,1,2,2,1,5,3,5,5,6,3,5,2,1,1,3,2,3,4,5,2,5,3,2,3,6,5,5,4,3,9,7,1,5,3,7,4,3,3,2,3,2,1,6,2,6,3,1,6,5,2,4,1,6,3,3,5,3,3,3,4,5,6,3,8,3,1,6,1,6,1,1,6,4,1,7,7,5,3,4,3,5,5,5,5,3,8,3,8,2,3,2,2,1,4,7,3,4,5,6,8,6,6,6,3,3,4,3,4,3,2,2,2,4,3,5,6,2,6,5,2,2,3,3,4,2,3,6,4,5,6,4,3,2,3
151,9,1,0,4,5,2,8,4,4,4,5,3,2,1,6,3,6,5,6,2,2,2,2,3,2,1,3,5,0,7,5,6,4,2,3,3,1,3,2,3,3,8,2,2,4,0,1,5,3,2,2,3,1,2,1,3,3,3,2,3,2,6,4,1,3,7,5,1,2,1,5,4,2,4,4,4,4,3,4,2,3,4,3,4,3,2,1,0,5,1,1,4,5,4,5,2,2,2,0,2,3,3,5,7,3,5,0,5,2,4,3,3,5,5,1,5,5,1,5,2,5,4,2,1,5,3,2,2,1,0,1,5,3,6,1,5,5,2,4,1,3,2,1,4,4,1,7,0,4,5,2,2,9,3,5,3,1,3,1,2,3,0,2,2,5,0,0,5,4,2,1,4,5,4,2,4,1,5,4,2,5,1,2,3,1,3,1,1,7,4,3,2,5,3,8,4,3,5,1,6
152,6,3,2,4,0,4,0,5,1,2,4,2,3,3,3,4,7,3,5,1,1,3,2,5,4,4,8,3,1,3,1,4,6,5,3,2,5,2,3,1,3,6,7,3,5,1,4,1,8,5,3,4,1,8,4,3,2,2,2,1,5,2,6,4,4,1,4,3,7,0,2,7,1,5,7,0,2,3,2,4,5,1,5,5,3,5,6,5,5,1,3,5,3,4,3,2,1,3,4,1,0,1,1,1,3,6,5,2,6,4,4,6,3,3,2,5,5,2,3,4,3,5,2,7,1,6,1,2,0,5,3,6,0,3,2,4,0,3,3,2,4,7,5,3,6,1,2,6,3,5,5,1,3,5,1,5,1,3,0,3,0,7,7,2,6,4,1,3,3,1,3,4,1,0,2,9,7,6,6,2,2,1,7,1,3,1,2,6,6,0,2,6,2,2,5,6,5,5,2,1
153,3,2,0,3,4,2,2,1,8,6,3,3,3,4,2,3,6,5,3,2,2,4,3,1,4,2,6,6,7,3,1,1,5,6,6,1,2,3,5,7,2,3,3,7,1,5,6,4,3,4,5,2,2,5,5,2,3,2,3,2,1,3,5,5,3,4,7,4,8,4,3,5,6,1,2,2,5,2,4,4,2,3,2,4,9,3,4,5,6,1,7,0,4,2,2,3,2,2,3,2,4,4,2,3,7,2,3,2,2,3,5,2,1,1,4,8,3,1,3,7,3,3,4,1,3,3,3,5,2,7,2,3,3,2,2,5,2,0,1,3,3,1,4,2,6,4,4,2,6,1,2,2,1,3,3,3,5,4,7,1,1,4,5,4,5,3,7,7,5,4,1,2,4,4,5,5,0,3,1,2,4,4,5,1,5,1,1,3,1,3,5,3,4,5,3,1,3,4,4,8
154,3,4,2,3,2,4,3,5,3,1,5,3,0,6,2,4,7,6,3,4,5,1,6,2,2,1,6,4,5,4,3,2,2,3,3,2,2,0,2,4,5,4,3,2,7,5,5,4,4,3,3,4,1,2,5,1,0,9,4,2,3,2,1,3,3,4,2,5,3,5,7,4,1,3,2,3,4,1,4,3,5,7,3,3,3,3,3,3,4,2,2,6,6,0,7,4,4,2,3,6,3,3,1,6,0,2,3,0,3,3,3,0,2,5,5,4,3,2,8,3,5,3,10,4,4,1,5,3,4,7,5,2,7,0,1,3,4,4,3,3,1,4,5,5,6,6,2,3,2,1,5,3,4,2,0,6,0,5,2,7,6,4,3,3,5,3,0,2,3,4,2,4,4,3,1,1,5,5,3,2,3,4,4,3,2,0,3,5,5,4,4,5,1,2,5,1,1,2,4,3
155,3,4,2,5,2,4,4,3,5,6,4,3,4,3,4,6,5,4,2,2,3,2,2,3,1,5,4,3,7,4,3,6,2,3,3,2,3,2,1,3,2,4,4,2,8,4,3,5,6,2,6,4,5,3,8,4,6,2,3,5,1,6,6,5,3,3,7,4,5,4,1,8,1,3,3,1,7,3,3,2,3,3,5,0,4,0,4,3,4,3,4,3,2,2,6,1,4,3,4,4,4,0,3,2,4,4,3,3,3,6,2,4,7,2,3,1,2,4,3,5,0,5,2,6,3,3,6,4,1,2,3,4,3,3,1,5,2,4,2,2,3,8,3,5,2,3,6,2,0,2,7,5,1,6,5,3,4,4,6,2,5,2,2,3,3,2,4,9,3,2,1,2,3,4,3,4,2,6,5,2,5,4,3,2,2,6,4,4,2,4,2,1,3,1,3,4,5,4,4,6
156,4,3,2,1,5,4,5,2,3,4,2,4,3,3,4,3,5,7,7,5,1,4,4,2,0,4,4,4,5,9,1,3,1,3,3,3,1,2,6,6,4,4,2,0,1,1,4,1,2,3,2,3,5,1,4,4,5,2,4,1,3,4,4,0,4,3,3,5,1,3,2,0,1,2,4,0,3,5,2,4,2,3,3,5,2,6,3,3,4,4,1,4,5,2,7,3,0,3,6,4,4,8,4,7,1,0,2,2,4,1,7,4,3,3,6,4,2,2,4,1,4,1,3,3,3,8,7,6,3,3,3,2,4,3,3,4,1,3,5,6,1,5,2,2,2,3,2,1,2,3,5,7,3,3,4,3,1,3,5,6,1,5,5,2,2,2,6,1,4,4,1,1,3,3,4,2,2,3,7,6,2,4,4,5,3,6,6,6,3,3,4,5,3,4,4,3,5,3,2,4
157,1,6,4,3,3,2,1,4,3,8,2,4,4,5,2,3,3,3,2,0,3,7,6,4,5,1,3,2,5,6,3,5,0,4,2,6,3,5,1,2,4,5,1,2,2,3,7,3,2,4,4,3,3,4,6,1,2,3,4,3,2,5,4,3,5,4,2,5,6,6,4,2,3,3,2,4,10,6,3,3,5,2,5,4,1,6,1,5,5,5,3,1,1,1,2,1,4,5,4,5,3,3,2,5,2,2,2,4,2,1,2,2,1,3,3,2,2,4,4,2,3,1,5,3,2,4,6,5,6,3,3,4,5,3,3,3,3,6,2,6,1,3,6,4,4,3,5,3,4,5,4,3,2,2,3,2,1,4,5,3,3,1,3,0,2,8,4,2,2,5,1,1,1,5,4,7,5,2,4,6,5,3,1,3,2,4,3,6,3,4,4,4,2,4,3,3,2,6,6,7
158,3,5,2,0,3,1,3,5,2,4,4,6,3,5,5,6,1,5,5,2,5,3,3,6,3,2,8,2,5,1,6,2,1,5,4,5,3,5,4,4,3,3,3,3,5,1,1,2,5,2,5,5,2,2,3,4,4,5,3,7,0,3,6,4,6,1,3,5,1,2,3,3,6,4,3,2,0,3,1,4,5,4,5,3,1,6,6,3,2,0,8,6,0,3,2,2,4,3,3,3,1,4,2,8,1,3,3,6,3,1,3,7,4,6,4,6,1,1,4,4,5,2,2,6,3,5,2,5,4,4,1,4,7,5,6,4,3,2,3,7,2,1,2,2,5,4,1,6,3,3,3,4,1,4,2,5,5,1,2,3,4,2,6,2,4,0,1,2,3,4,6,4,1,1,3,1,7,5,4,3,2,3,3,3,1,4,7,5,6,1,5,3,2,6,7,3,2,5,2,7
159,2,4,2,4,2,10,5,0,1,4,3,4,3,4,4,3,5,5,4,6,1,4,5,1,2,8,4,5,5,4,4,6,3,1,5,1,1,4,1,4,4,6,5,4,5,5,4,7,2,1,6,2,5,1,3,4,1,4,2,3,3,1,2,2,5,0,8,5,6,2,3,1,1,7,5,3,2,4,4,5,4,4,4,3,6,4,2,1,5,2,1,5,4,5,2,4,4,8,2,3,3,7,4,4,5,2,3,2,3,4,5,3,6,3,2,2,2,6,5,1,2,5,5,4,4,4,6,5,5,4,1,2,7,3,1,7,2,2,1,4,2,4,7,4,5,3,3,7,1,8,8,7,4,2,2,9,7,7,8,2,5,3,4,3,4,5,6,5,6,4,6,5,4,3,1,4,3,2,7,0,2,3,6,3,4,5,2,5,3,2,1,3,4,5,8,2,2,2,3,6
16,6,4,3,4,4,5,7,8,4,1,2,4,2,2,6,6,3,2,2,3,4,4,4,4,5,3,4,4,2,7,3,4,3,2,2,4,5,1,4,4,1,3,3,5,1,6,3,5,4,3,2,3,5,3,5,0,2,3,1,2,3,4,6,2,3,4,2,3,4,6,4,0,2,1,3,5,5,2,1,3,3,5,3,4,4,2,4,4,6,5,1,2,6,3,2,3,2,6,0,1,5,1,3,4,5,4,3,1,5,4,8,5,4,5,7,2,2,1,1,6,3,3,8,4,2,2,2,1,2,4,1,3,6,5,2,1,5,9,4,2,4,4,6,1,4,5,7,5,4,1,4,0,3,3,6,1,1,2,3,5,4,6,4,9,3,5,4,3,5,3,3,5,3,3,6,4,4,3,4,6,3,2,2,3,1,3,3,2,5,1,2,4,2,4,4,5,4,2,2,3
160,5,2,3,4,6,4,2,2,3,4,2,6,2,3,5,2,4,2,3,2,1,5,0,5,4,3,3,1,6,4,3,5,4,2,3,4,2,4,7,3,9,4,5,3,5,2,5,3,7,1,4,5,1,2,2,2,2,4,1,4,2,8,1,3,6,5,6,8,2,3,4,3,4,2,3,3,2,5,6,4,2,4,4,4,5,1,4,1,4,2,1,6,3,4,1,3,4,3,3,2,4,2,2,1,0,4,2,4,3,3,4,6,4,5,5,2,5,4,2,5,5,1,3,3,4,5,5,7,6,2,1,3,3,6,4,2,0,6,1,2,2,6,3,7,4,3,2,7,5,5,5,6,1,5,1,6,5,4,2,6,4,1,4,1,5,1,7,4,8,4,2,4,1,5,5,6,2,8,4,5,4,5,2,2,4,3,5,2,2,3,1,3,3,2,3,4,5,1,2,2
161,4,3,5,4,4,4,3,4,3,5,3,3,2,0,4,7,3,2,3,2,4,6,6,3,2,4,5,1,1,6,1,6,3,7,4,2,1,3,4,5,6,7,5,6,2,3,4,5,6,1,5,3,3,7,3,3,2,9,5,4,3,4,1,1,4,2,2,5,3,6,2,6,3,6,3,6,3,2,2,2,2,4,7,6,4,4,6,3,4,7,4,5,6,2,2,2,3,1,2,1,6,2,2,5,4,1,4,5,6,3,4,2,1,0,6,1,3,4,1,1,2,3,3,9,4,6,3,2,5,4,4,3,7,1,4,2,7,2,0,1,4,5,2,0,5,3,2,1,3,3,2,6,3,0,4,1,1,3,2,4,9,5,4,5,3,3,1,4,7,3,3,2,3,2,4,2,5,3,1,4,3,5,3,6,4,4,4,4,7,2,1,3,3,2,3,2,2,4,4,2
162,3,3,2,3,7,7,5,3,7,7,4,2,3,4,6,5,6,7,3,7,1,5,2,3,5,1,3,2,0,3,5,3,5,6,6,3,7,4,2,3,1,6,3,2,4,1,3,0,4,1,5,4,4,3,3,4,1,3,5,2,3,2,4,3,0,0,5,1,2,1,4,3,5,10,4,5,4,3,5,5,2,1,3,1,3,8,4,4,5,3,0,3,2,4,4,5,5,0,2,2,2,3,2,3,2,4,1,5,4,0,0,2,5,2,5,2,4,2,3,4,6,4,2,3,4,5,3,1,3,2,2,1,2,5,1,2,4,3,1,3,2,4,3,2,6,3,1,0,4,4,3,2,5,4,2,4,5,2,3,3,3,5,3,4,4,6,2,8,4,2,2,7,0,6,7,2,3,3,5,6,1,3,4,0,4,3,3,2,5,6,3,2,7,6,2,3,0,2,4,2
163,6,6,2,2,2,3,7,3,4,3,6,3,10,9,3,3,4,2,3,2,3,2,5,5,1,0,3,5,1,2,3,5,6,2,5,7,7,2,1,3,4,5,3,1,3,3,2,1,1,4,4,1,1,2,4,4,5,0,5,3,6,4,5,6,4,5,4,3,6,3,1,4,5,11,6,3,5,1,7,2,4,2,7,4,1,5,6,5,4,3,7,2,4,4,6,2,1,5,5,4,6,3,3,4,7,7,5,6,2,6,8,8,2,4,6,4,2,2,2,3,2,1,5,3,5,3,1,3,3,4,7,2,6,1,4,4,1,8,2,4,6,3,2,6,2,7,3,6,7,3,3,1,7,3,3,4,2,2,6,4,3,1,3,2,3,4,4,1,2,6,3,0,2,4,2,4,3,2,5,1,1,2,5,5,5,4,4,4,3,3,3,4,1,4,2,3,5,3,5,4
164,5,2,3,3,5,4,5,1,2,3,6,8,4,7,2,3,3,1,3,2,4,1,3,2,5,3,4,2,7,3,6,3,7,1,1,4,4,6,6,0,5,1,5,2,4,1,6,5,1,3,5,5,2,4,3,6,10,2,1,2,7,3,5,7,6,3,4,4,4,1,2,3,1,1,2,0,1,6,3,5,4,0,2,2,5,7,5,3,5,3,2,5,3,3,3,5,5,3,6,2,6,8,3,2,3,3,6,1,7,3,3,2,2,7,4,2,0,3,3,6,3,1,6,3,2,3,4,4,2,4,3,3,1,7,4,2,3,4,7,2,1,5,2,6,6,4,5,4,2,5,3,6,0,5,2,6,6,2,2,2,4,3,1,4,6,4,5,3,3,3,3,5,3,4,5,1,3,0,3,0,1,1,9,3,3,2,0,5,3,3,3,7,7,7,0,2,3,3,8,4
165,2,4,4,3,2,6,3,2,3,1,2,3,2,2,2,5,1,6,6,4,0,4,2,2,2,2,3,4,3,3,5,3,6,7,2,8,3,0,3,3,6,5,4,4,5,4,6,6,5,3,4,4,2,1,2,8,5,2,3,3,0,3,3,4,1,2,5,4,3,3,0,2,3,2,5,2,6,2,2,6,6,4,5,5,1,2,1,2,5,5,2,4,2,9,4,6,5,4,7,4,4,5,2,3,6,7,5,2,4,5,4,4,5,1,3,3,4,8,4,3,5,5,3,5,1,2,1,6,5,3,3,4,3,1,6,3,2,4,5,4,4,3,2,1,4,1,3,4,1,7,3,4,2,4,2,0,6,4,5,5,7,3,3,3,4,1,2,2,2,4,5,5,2,3,3,1,4,4,6,6,3,6,5,6,4,2,1,4,2,4,2,4,2,1,8,4,2,1,1,4
166,5,5,3,4,5,1,2,2,3,1,3,2,5,6,7,2,2,3,1,7,5,4,3,5,1,2,3,2,2,2,4,1,3,0,3,3,7,1,4,3,8,4,4,3,5,1,6,7,7,4,7,5,2,5,3,6,1,4,3,4,2,6,3,5,4,5,3,3,2,3,4,2,6,4,4,3,3,5,2,2,3,4,3,2,2,4,2,5,2,3,2,1,1,2,5,6,1,8,5,2,5,6,5,3,1,3,5,3,4,1,5,2,6,4,2,4,5,3,3,3,5,1,6,3,4,6,5,2,4,4,5,3,4,4,2,1,2,4,1,4,0,6,1,6,6,6,5,4,5,1,3,3,2,2,2,1,1,4,5,4,1,7,1,3,5,2,2,1,5,2,9,4,6,6,1,7,3,5,3,5,10,3,2,3,2,2,5,8,2,6,2,4,4,2,5,2,6,3,4,6
167,4,1,3,3,1,3,2,8,4,3,4,3,2,5,4,4,4,6,4,2,0,5,4,3,1,3,9,4,4,3,3,2,1,4,6,6,2,3,6,4,6,3,3,3,5,3,5,2,2,3,6,4,1,4,3,1,2,7,1,3,3,2,5,2,4,2,5,3,3,10,5,4,5,1,3,3,3,4,3,4,2,4,2,3,4,5,5,2,2,2,3,3,4,1,3,7,1,6,1,2,2,3,1,3,5,7,4,4,3,4,6,5,3,2,2,3,6,5,2,1,3,1,3,5,4,2,5,2,5,4,4,5,1,2,3,3,4,3,4,3,2,5,3,3,2,2,3,6,2,2,0,5,8,3,3,5,4,1,1,3,1,2,5,6,3,4,2,4,6,3,5,2,4,3,2,5,5,3,6,3,5,5,6,5,1,4,2,4,3,3,1,4,6,5,4,0,1,6,2,3
168,4,2,3,5,4,4,2,5,5,2,4,4,0,4,5,3,4,7,3,0,4,3,2,4,3,3,3,3,4,1,6,5,3,5,1,6,3,3,3,4,0,5,1,2,7,4,3,5,3,2,5,2,3,4,1,4,5,2,6,3,1,5,9,1,1,3,3,2,6,6,4,2,5,1,3,3,0,2,3,4,3,6,2,5,6,6,2,3,11,3,1,4,3,5,3,1,1,0,2,7,3,2,0,2,3,3,4,1,1,4,4,2,3,2,6,2,3,4,2,2,4,1,5,8,5,6,1,4,1,5,4,3,3,1,5,8,2,5,1,3,4,7,2,2,2,5,4,2,4,3,3,3,1,1,4,2,3,6,3,2,2,3,6,9,2,4,1,1,4,2,1,1,3,2,2,1,4,1,2,2,4,3,2,2,2,3,6,3,3,1,4,7,4,5,2,2,7,4,2,8
169,8,9,2,3,4,5,6,2,1,2,1,2,4,0,3,4,2,6,1,2,3,4,2,1,4,3,7,3,4,2,3,2,2,3,6,5,2,4,4,3,5,2,5,2,3,4,3,5,6,2,5,4,4,5,7,5,4,1,3,1,3,4,3,2,4,3,2,6,4,8,2,1,3,4,4,4,1,2,0,7,5,1,5,6,2,3,7,2,4,3,3,2,3,0,5,6,6,5,4,1,7,5,2,1,2,4,3,9,1,5,4,3,5,4,3,3,5,4,2,2,1,2,1,2,6,2,0,4,5,2,5,4,3,0,4,5,6,2,3,2,6,6,3,4,4,3,3,5,2,2,3,3,1,2,0,2,5,5,2,4,5,3,4,2,1,5,4,2,4,3,0,6,5,5,4,7,3,8,3,3,4,1,2,4,4,9,5,4,3,0,2,5,4,2,4,4,1,3,4,3
17,2,4,2,4,1,7,6,3,4,6,0,6,3,2,3,1,1,5,0,5,4,0,1,5,4,4,1,6,5,4,3,3,5,3,4,2,4,6,1,6,3,3,5,2,5,3,2,7,1,3,4,1,6,5,0,4,2,4,3,1,4,8,3,3,2,5,0,5,1,3,9,8,8,3,4,4,2,4,1,0,4,3,1,1,3,1,4,2,2,2,6,2,2,2,5,8,4,1,1,2,2,4,4,2,6,4,3,4,1,6,1,3,6,6,6,4,2,4,3,2,2,8,7,1,6,5,2,6,4,1,4,4,3,4,5,3,7,4,5,2,3,2,2,2,7,2,0,1,3,2,0,1,3,4,2,4,3,3,5,4,3,1,2,2,3,8,5,7,2,3,3,4,5,3,0,3,5,2,2,6,5,8,4,2,4,1,4,4,4,7,3,0,5,5,4,6,4,5,3,1
170,7,2,1,7,5,2,1,2,3,2,5,2,3,8,6,3,3,4,4,2,5,3,4,4,6,2,4,5,6,3,6,1,3,5,6,5,4,3,4,1,6,2,1,7,4,1,6,6,7,5,5,5,2,2,4,6,4,3,2,3,3,2,3,2,3,4,1,4,8,2,6,3,4,5,6,8,2,3,6,1,8,4,5,3,4,5,4,4,1,1,7,4,5,4,6,2,3,7,6,3,4,3,0,5,2,4,6,3,2,2,2,5,3,4,7,3,3,5,2,0,4,4,4,7,4,4,2,3,1,3,5,5,4,6,6,2,4,2,4,4,4,7,3,6,2,3,6,3,4,4,7,4,1,4,3,3,3,3,2,5,4,2,6,5,5,4,7,3,3,1,2,6,4,3,1,2,6,5,3,4,6,2,3,7,5,0,1,2,6,1,4,2,4,0,4,7,3,2,2,6
171,2,3,3,2,3,2,2,5,2,3,1,3,5,0,1,3,2,4,4,3,3,1,4,2,6,3,3,7,2,4,2,2,1,3,3,4,5,6,4,3,2,3,4,7,6,5,3,4,5,5,5,2,3,3,3,5,4,3,2,4,2,5,4,4,1,3,4,4,4,2,4,6,4,1,4,5,4,6,3,3,5,6,3,3,0,3,5,3,0,5,2,3,5,5,4,4,3,8,2,2,2,3,2,2,7,5,5,1,2,2,6,4,4,3,2,3,5,3,7,2,4,0,5,3,3,2,3,5,6,6,6,4,1,3,3,4,4,3,4,2,5,3,6,1,5,3,2,4,4,1,3,4,2,5,3,4,2,0,6,6,2,3,2,2,3,5,5,2,4,2,5,3,1,3,3,4,3,1,3,2,6,2,2,1,3,4,2,3,5,3,8,5,5,3,9,9,4,4,2,4
172,2,5,6,1,2,3,4,1,8,3,3,2,2,3,3,1,5,5,4,6,4,3,5,2,4,0,7,1,2,3,5,4,7,4,3,8,2,3,5,2,5,4,2,4,2,5,2,4,5,5,5,4,5,1,2,5,3,5,4,5,9,1,4,6,4,3,2,3,1,5,6,2,3,2,4,3,4,2,5,5,4,7,8,5,5,3,3,5,5,3,5,3,7,4,2,1,1,6,5,6,4,1,3,6,3,1,2,2,2,2,6,5,4,2,2,2,4,4,7,6,2,3,1,2,4,4,3,0,2,3,7,0,5,5,4,0,2,2,4,4,5,2,4,7,2,4,1,5,2,4,2,8,4,4,5,4,4,3,3,1,3,4,3,4,4,3,7,3,1,3,3,1,4,7,3,6,5,6,7,1,2,2,2,4,4,4,2,2,3,5,4,2,5,2,4,3,3,5,4,4
173,5,5,3,5,5,3,4,4,4,3,0,3,2,7,2,6,3,2,5,4,3,2,2,6,4,4,3,6,3,3,5,4,7,4,4,4,6,2,5,8,6,1,6,5,3,1,2,2,0,5,4,4,1,4,3,2,6,9,2,7,5,3,4,2,7,2,2,3,5,1,3,4,6,6,4,3,0,2,3,2,0,1,0,3,2,4,8,7,6,2,5,4,5,2,5,5,2,4,3,3,3,5,4,3,3,1,3,2,2,5,6,2,3,7,1,5,2,5,3,3,5,3,5,1,4,2,3,1,5,1,3,4,3,7,3,4,2,4,3,3,1,3,3,3,7,4,2,3,6,4,2,6,0,3,1,2,2,3,3,2,3,4,2,3,5,1,5,2,3,5,6,7,1,1,3,4,4,4,7,1,2,3,8,4,2,4,3,8,6,5,1,3,2,3,4,6,1,5,3,3
174,4,7,3,2,3,5,2,3,7,5,2,2,1,1,2,2,3,4,2,2,1,4,3,2,3,4,2,5,2,2,1,1,4,1,0,4,3,7,2,8,0,3,4,1,4,3,5,4,3,6,4,3,2,4,6,6,3,7,4,7,3,3,5,9,3,3,2,4,5,7,1,3,2,5,8,0,3,6,4,1,2,4,1,1,6,7,3,5,7,2,5,4,3,3,7,6,6,5,4,5,2,4,2,2,2,4,3,4,3,3,2,4,1,4,6,3,3,3,6,3,5,8,3,4,3,4,1,3,0,5,4,3,3,7,6,3,2,5,5,4,4,2,3,0,2,1,0,5,3,3,4,5,6,3,1,0,4,1,3,1,5,3,1,3,4,2,7,3,4,3,1,3,3,3,6,4,2,2,4,5,0,7,4,4,3,6,1,3,7,3,2,3,4,3,4,0,6,7,5,1
175,4,1,3,5,1,5,5,3,2,6,5,2,3,7,4,6,5,4,3,2,3,3,4,3,4,2,6,1,6,1,3,4,4,3,3,1,1,2,5,1,3,6,4,3,2,2,4,8,5,2,1,5,2,4,3,3,4,1,4,7,2,5,6,2,2,2,5,4,1,2,1,6,4,6,1,1,2,2,4,5,5,4,9,3,5,2,3,0,4,2,4,2,6,5,4,1,2,3,2,1,2,3,3,7,3,0,5,5,2,3,3,3,5,3,3,4,4,6,4,6,3,0,7,7,1,1,3,6,2,3,2,4,3,2,0,2,7,5,3,4,4,4,4,6,4,2,3,2,2,4,3,3,4,5,4,2,1,3,6,4,4,4,8,5,3,2,5,9,3,3,2,5,7,3,5,6,5,1,3,6,2,5,4,2,2,7,6,1,3,6,3,3,4,3,7,3,6,5,0,3
176,3,2,7,2,7,3,4,5,2,1,3,0,0,4,4,3,3,4,2,4,5,6,2,8,5,2,4,4,3,1,1,5,8,4,1,0,3,1,1,1,3,3,3,3,3,2,4,7,3,2,3,1,2,4,6,8,4,8,4,6,3,3,3,3,3,5,3,3,2,2,4,5,3,5,0,6,2,4,2,9,3,2,6,2,3,4,4,6,2,3,2,7,2,6,1,2,5,2,5,8,8,1,2,5,1,4,3,1,5,4,3,2,3,3,0,4,1,3,9,2,4,2,5,4,4,9,6,5,5,3,5,1,0,3,0,2,4,8,3,4,4,3,2,3,3,3,4,7,5,4,4,2,2,4,4,3,2,4,4,2,3,2,3,6,2,7,7,9,1,7,5,3,2,3,1,4,4,5,5,5,3,2,7,4,4,7,6,4,2,4,3,3,1,6,5,6,3,5,6,0
177,2,3,5,5,2,4,4,3,3,4,1,7,2,6,1,2,5,2,4,4,2,3,6,2,2,1,1,2,5,6,4,1,1,4,7,5,2,4,5,1,1,6,3,3,4,6,3,2,3,3,2,0,1,4,2,6,4,3,5,7,7,6,3,4,2,4,8,4,4,3,1,4,3,2,2,2,4,3,5,5,1,4,5,2,7,3,3,2,3,3,4,1,3,5,6,7,2,2,2,4,5,4,3,6,2,4,3,6,4,4,4,10,1,6,3,4,5,2,1,4,3,2,7,5,4,5,3,1,3,3,1,7,1,0,5,6,2,4,2,5,4,5,2,3,3,2,3,4,7,1,5,1,1,3,3,6,2,5,6,3,5,3,3,5,2,2,1,4,3,1,7,3,5,6,4,5,5,5,3,3,3,0,3,7,1,7,4,2,1,8,3,4,3,3,5,6,5,5,2,5
178,3,3,4,4,2,3,2,4,4,2,3,1,7,3,3,1,1,2,1,2,5,1,5,4,3,2,2,5,5,3,2,3,2,2,5,2,4,3,4,4,5,5,3,6,7,4,4,2,3,4,2,3,7,2,3,4,6,2,4,2,4,3,4,4,8,3,11,3,2,7,8,3,4,2,2,6,7,4,2,8,1,5,1,9,0,2,3,2,2,3,3,4,3,4,4,1,3,5,7,4,4,5,3,3,3,0,3,6,3,1,0,2,2,4,3,5,6,3,6,3,1,7,8,2,4,1,5,4,3,5,9,2,5,8,7,2,3,1,1,5,8,3,6,3,8,4,2,2,3,6,5,4,3,2,2,4,4,3,3,2,8,4,3,3,5,5,2,1,1,3,5,3,2,4,2,7,3,3,3,3,4,4,2,2,3,1,1,2,3,3,4,3,3,1,5,6,3,3,3,5
179,8,3,2,5,3,2,1,5,4,3,5,4,3,0,4,2,2,4,3,2,8,3,5,4,7,2,1,3,3,7,3,4,1,5,5,2,2,4,3,6,5,2,2,6,8,6,8,3,2,8,3,3,2,4,1,5,3,0,5,5,7,5,2,5,4,1,6,2,4,3,1,4,4,2,4,2,2,6,6,8,5,2,4,2,6,3,1,2,3,2,1,6,5,3,4,3,3,3,5,4,4,0,2,2,6,5,5,4,6,3,6,2,3,6,1,5,0,3,2,3,7,1,2,4,6,4,3,1,3,7,1,7,3,3,3,2,3,0,4,3,9,4,2,1,0,5,2,6,4,2,2,0,3,1,3,1,2,3,1,6,5,2,2,2,6,4,2,6,3,2,3,4,5,6,4,1,1,2,2,2,5,4,1,1,7,2,4,2,4,3,4,0,3,3,3,3,8,4,5,4
18,4,4,4,7,6,5,5,2,2,2,2,5,6,2,1,4,6,2,4,2,5,4,3,7,4,3,7,5,1,2,6,7,7,1,3,3,4,4,3,4,5,3,4,2,1,3,2,2,5,8,3,4,2,5,3,4,2,4,4,2,4,4,2,4,3,4,6,6,10,3,3,4,5,4,4,3,2,2,3,3,6,3,4,2,4,6,3,9,4,3,4,3,4,4,3,2,8,4,4,4,3,3,3,7,1,3,3,1,2,3,4,1,4,2,7,4,4,3,8,1,6,4,5,2,8,3,4,3,2,2,5,1,1,3,3,1,5,3,3,4,3,7,1,3,2,7,3,8,4,3,4,4,3,4,6,2,1,2,5,4,3,7,2,3,3,6,2,3,2,1,2,2,4,1,4,4,8,6,4,2,3,2,5,5,1,3,1,5,3,5,6,6,3,0,1,2,2,5,4,3
180,5,3,1,7,2,3,3,4,3,1,2,6,4,3,6,5,1,4,3,4,4,2,3,5,3,4,1,5,3,4,4,2,4,4,4,6,3,6,4,5,0,1,4,2,0,3,1,2,2,4,5,1,2,1,5,4,7,4,3,3,3,3,2,1,4,2,2,8,4,6,1,3,0,3,3,4,4,5,2,2,4,3,2,3,3,2,2,3,4,3,1,3,2,3,2,1,4,5,4,4,0,7,4,4,1,0,4,6,3,4,2,1,2,2,3,0,2,3,2,4,4,3,3,3,4,2,4,3,4,3,1,1,3,3,4,3,0,1,4,5,0,3,6,2,3,3,3,1,3,2,6,1,3,4,5,3,3,2,3,3,3,2,3,1,4,1,4,3,1,2,6,1,7,4,8,8,2,5,2,6,2,4,4,3,6,3,6,5,2,3,3,5,2,3,3,1,3,4,7,2
181,1,4,3,1,1,2,5,3,3,3,1,7,6,2,5,4,3,6,5,4,0,5,3,4,1,10,2,4,1,7,6,4,2,6,3,3,3,4,4,3,4,7,5,1,2,6,2,3,4,5,1,0,4,6,5,1,4,3,2,5,3,2,5,2,5,1,3,1,1,8,5,3,3,4,1,9,3,2,5,3,4,5,4,2,3,1,4,6,6,1,2,1,7,2,5,5,3,2,1,3,5,3,4,5,4,3,6,6,0,6,5,2,3,3,5,8,7,1,3,2,3,5,3,3,2,2,3,4,6,8,1,3,0,4,1,2,3,2,3,5,2,4,6,2,4,4,2,3,5,3,4,4,0,5,3,2,2,2,5,4,1,1,1,0,3,2,5,7,5,5,3,0,3,3,6,7,6,5,2,4,3,9,6,2,2,5,4,3,2,0,0,1,8,4,6,5,6,7,4,2
182,3,2,1,5,7,4,1,1,5,5,1,3,2,2,6,2,1,3,8,7,4,4,4,5,3,5,3,4,1,3,7,3,5,5,5,2,3,3,1,4,5,2,3,2,3,5,1,2,1,5,3,2,6,4,6,2,5,3,5,3,3,1,3,1,4,6,5,1,3,2,5,6,1,4,3,1,4,5,1,3,1,5,3,4,3,3,5,3,3,5,4,2,3,3,2,6,0,4,4,2,5,4,3,2,2,4,3,6,3,6,2,5,2,5,6,3,3,5,2,2,4,0,2,3,6,4,4,1,2,7,3,1,1,1,2,9,2,7,2,2,6,4,5,3,1,5,2,7,2,4,2,8,7,4,2,2,6,2,3,5,4,2,1,4,4,4,6,4,4,5,2,3,3,3,1,2,2,3,5,5,2,5,1,3,5,4,5,6,3,2,1,2,2,2,3,2,3,2,5,4
183,2,1,4,2,5,4,4,3,4,6,5,4,0,3,2,6,3,2,3,5,3,3,1,6,2,4,2,0,2,2,2,1,3,5,4,0,1,1,7,4,4,1,2,5,6,1,3,2,4,3,6,6,3,6,7,2,5,2,3,2,3,4,2,3,3,3,6,6,5,3,3,5,1,7,4,0,5,2,6,4,3,4,3,1,6,4,3,4,1,3,4,0,2,4,4,5,5,3,2,6,2,3,2,2,2,5,4,8,3,6,4,3,3,4,3,5,5,5,3,4,2,1,4,2,4,5,1,4,3,1,5,3,4,0,4,3,3,4,3,6,2,5,2,1,4,6,5,2,2,5,4,4,5,4,2,3,1,3,3,2,4,4,4,2,3,4,2,1,4,3,4,2,4,6,7,1,3,2,3,3,5,4,2,2,3,5,4,4,5,5,4,5,2,3,6,7,1,4,3,4
184,6,3,5,6,4,0,5,0,3,6,5,4,5,4,2,6,4,7,4,4,4,4,4,3,5,8,5,5,2,0,1,1,5,6,3,6,3,3,2,6,3,2,3,4,3,3,5,5,5,4,0,2,6,3,2,6,5,2,0,1,2,8,5,2,0,2,4,0,3,5,2,5,4,3,3,4,4,4,2,1,3,4,2,3,6,2,4,6,7,3,5,6,8,4,3,6,2,4,0,3,4,4,4,2,3,3,1,6,3,5,5,5,3,4,0,4,1,3,7,4,4,7,2,3,4,2,3,6,3,3,2,3,3,2,4,6,2,2,1,4,8,2,1,5,4,4,7,5,1,5,5,4,6,2,1,2,5,4,0,3,7,5,5,6,8,4,7,4,2,6,4,1,2,6,1,2,5,3,5,3,1,3,1,5,3,5,5,2,2,2,6,5,5,3,5,2,2,0,2,8
185,2,5,5,8,5,7,6,2,1,4,3,0,2,5,3,3,6,3,1,1,3,4,1,2,2,3,1,2,3,0,5,4,3,2,5,7,11,3,3,3,1,5,1,3,2,3,2,4,1,6,4,4,2,7,4,8,9,1,2,5,4,4,6,3,3,1,5,2,4,3,5,2,8,2,4,2,7,3,4,5,4,7,4,4,2,5,2,2,1,6,5,4,3,1,5,3,3,1,5,5,7,2,6,2,5,2,6,0,4,5,1,2,4,2,2,3,6,4,3,5,6,7,6,1,4,1,2,1,6,4,5,1,3,4,5,4,0,6,4,2,8,6,6,1,3,3,5,3,4,4,5,1,5,4,2,5,3,4,2,6,6,1,2,3,5,4,2,1,1,5,2,5,3,2,2,3,5,5,4,4,2,2,4,3,5,1,2,5,4,3,3,3,3,4,8,3,3,2,1,1
186,4,4,3,1,0,2,3,1,2,7,1,1,3,3,5,2,4,2,2,3,2,5,1,1,3,3,1,4,6,5,4,2,2,2,2,4,1,1,1,1,3,4,5,3,2,2,4,2,3,3,3,6,1,4,3,4,5,6,2,1,10,2,2,1,5,5,4,5,3,0,5,5,4,2,7,4,1,2,5,0,3,2,3,3,7,5,3,5,2,3,3,3,1,5,5,4,8,5,2,3,5,2,6,3,3,4,2,0,3,3,5,7,4,5,4,5,4,4,6,0,1,5,4,2,0,3,3,2,8,4,4,3,5,3,3,3,2,6,3,2,4,1,3,4,5,4,4,6,5,5,3,4,6,3,4,3,4,4,5,4,5,3,5,7,4,3,4,2,3,7,3,1,5,1,4,2,2,6,6,4,3,3,1,2,5,3,2,5,6,2,5,2,5,3,5,4,5,3,2,3
187,2,2,7,2,4,2,1,5,2,2,4,2,2,2,2,4,4,7,4,3,4,1,5,2,6,3,5,2,4,2,4,4,2,2,2,3,3,6,4,1,5,3,4,1,4,3,1,7,3,3,2,1,5,2,5,4,1,7,2,3,4,2,5,3,5,0,4,3,3,2,3,4,1,4,3,5,1,1,5,4,5,6,3,4,3,1,2,4,7,7,4,0,8,1,5,5,4,2,2,4,5,7,5,1,2,4,2,5,1,4,2,3,2,4,3,4,1,4,2,3,3,4,4,3,6,2,3,3,3,5,3,4,3,5,4,1,4,5,3,1,3,6,5,1,4,3,3,5,2,1,2,6,1,4,5,2,4,5,3,3,7,3,5,8,5,3,2,6,3,4,7,7,4,4,4,1,4,3,2,4,2,7,2,3,1,2,4,3,6,3,5,3,4,3,0,5,9,4,0,5
188,5,2,4,3,3,6,3,2,4,2,2,4,1,0,1,6,2,0,2,4,4,4,4,2,6,3,2,2,3,2,3,2,5,6,4,6,7,6,1,6,7,3,2,1,6,2,2,2,1,5,5,3,3,3,9,2,5,2,1,4,3,3,2,4,4,4,0,7,3,4,2,6,6,1,3,0,1,6,6,3,2,6,3,3,4,2,4,3,9,3,4,2,4,2,4,4,4,3,3,2,5,0,5,4,4,5,5,4,5,8,3,5,2,2,1,3,2,3,0,5,4,5,2,5,5,6,7,1,5,1,7,3,1,2,2,4,2,7,6,8,2,4,5,4,2,4,3,3,3,3,4,2,4,3,6,8,6,4,2,3,3,7,0,3,0,5,4,8,6,5,5,2,4,3,2,5,3,1,8,2,5,3,2,2,2,2,3,6,3,5,2,4,6,3,1,2,8,7,4,4
189,2,6,5,5,6,2,2,3,5,6,9,1,4,7,3,4,1,3,3,2,4,2,3,3,2,1,6,2,6,0,2,3,3,5,2,2,4,0,4,4,6,2,3,5,2,8,4,1,2,7,1,1,0,4,2,2,2,4,1,4,4,2,3,5,8,2,3,4,2,3,4,4,3,3,1,4,2,1,2,2,1,1,8,4,3,7,4,0,1,2,2,9,4,6,6,3,4,1,4,5,5,3,4,6,2,10,9,2,7,1,2,4,2,5,5,2,3,2,5,4,4,1,1,7,1,4,3,2,5,6,6,5,3,1,6,4,6,1,1,4,5,3,6,3,6,2,4,5,5,5,4,3,3,3,4,4,3,4,6,3,1,2,4,0,3,7,5,1,3,3,2,5,6,3,2,3,4,3,3,2,3,4,4,1,3,1,4,2,1,3,3,6,7,6,3,4,3,4,2,1
19,2,2,4,3,3,4,5,2,2,6,3,5,3,6,7,3,5,5,2,5,1,5,2,5,1,2,5,1,3,5,7,2,4,1,1,1,4,3,2,3,5,5,4,3,3,3,4,3,9,1,3,4,2,6,3,1,1,7,5,0,2,2,3,4,1,2,5,6,2,2,3,2,6,3,2,4,3,1,5,2,6,1,2,0,4,8,4,4,6,4,3,2,0,7,3,4,2,2,3,2,4,3,6,3,6,2,5,2,1,5,6,2,2,2,5,3,3,2,2,1,2,1,8,2,4,4,3,2,1,3,5,5,1,6,2,2,4,4,2,2,4,1,8,1,2,2,2,3,7,3,1,1,3,8,3,2,5,2,6,4,2,3,2,8,3,0,3,3,3,5,4,4,4,6,5,1,2,5,1,5,4,3,1,1,8,1,2,2,4,2,3,3,2,5,3,4,4,3,2,2
190,7,3,4,5,2,3,7,3,5,3,1,4,5,5,4,5,2,3,0,3,3,2,3,1,2,2,1,3,2,1,5,6,2,4,5,1,3,2,6,1,3,3,2,4,3,7,2,3,3,8,6,4,0,1,3,5,5,3,0,6,3,4,1,3,3,1,2,6,1,3,3,3,3,3,4,3,1,7,4,3,6,3,1,1,3,5,2,2,5,1,4,2,4,0,8,6,1,3,2,4,1,4,1,5,3,2,3,6,3,2,5,4,2,2,2,3,3,3,3,3,4,4,4,5,3,1,6,1,10,2,4,1,1,3,1,4,6,7,2,4,4,3,4,7,4,2,2,5,4,4,3,6,5,1,2,1,3,3,3,2,4,2,6,2,0,4,0,2,2,5,2,4,4,1,3,1,2,1,3,1,3,1,1,2,4,4,1,2,5,4,6,3,6,4,2,4,2,2,4,0
191,3,6,4,3,4,0,3,4,4,4,2,3,2,2,1,5,6,3,4,3,6,0,2,3,5,2,0,3,4,2,4,3,3,1,1,2,6,6,3,4,5,1,2,3,3,3,2,3,1,3,5,4,4,2,2,7,3,2,0,4,4,4,4,2,3,2,6,1,2,0,7,2,5,1,2,2,2,4,4,6,2,4,0,5,5,3,2,3,5,4,5,2,3,1,3,3,2,6,3,1,2,2,6,3,4,5,4,1,2,2,2,6,6,4,3,2,5,3,5,3,3,3,6,6,3,4,3,4,4,5,3,1,2,7,2,2,2,6,3,4,3,2,4,3,2,3,8,0,0,5,2,2,4,2,7,2,6,5,1,2,4,5,5,3,2,8,5,1,7,0,7,5,8,3,4,2,1,0,4,3,3,4,3,3,3,12,3,3,2,1,4,4,3,4,7,2,2,4,2,2
192,3,6,2,2,4,2,4,2,6,8,3,3,4,6,3,7,0,3,4,2,3,1,3,5,3,4,4,3,0,5,6,0,3,2,3,4,7,4,7,3,4,3,3,3,3,2,6,6,6,5,1,5,2,4,5,1,5,6,5,3,5,4,3,1,6,1,4,6,1,2,2,5,2,6,3,8,4,5,4,3,2,6,1,2,6,3,5,3,2,4,2,1,1,4,4,8,2,2,2,6,4,4,2,9,6,6,8,4,3,3,2,7,3,7,4,3,6,0,2,3,6,2,5,4,4,1,2,4,3,4,9,2,3,1,1,2,8,2,2,4,1,5,7,6,6,6,2,3,3,1,4,7,4,8,2,1,4,2,2,2,3,0,4,5,1,3,5,3,4,4,4,1,2,5,1,3,7,2,2,4,5,2,10,5,3,0,2,3,4,6,5,5,2,5,4,4,2,2,5,2
193,1,1,4,1,0,3,0,7,5,3,5,4,5,0,4,1,1,1,3,4,5,2,0,4,4,6,2,3,2,4,1,3,5,0,6,2,2,4,5,1,6,5,5,3,2,6,4,4,3,3,3,4,2,2,4,1,2,3,6,2,2,3,6,2,6,4,9,5,5,4,1,4,3,7,3,2,4,6,9,4,5,4,6,2,2,6,3,5,4,3,3,7,3,3,4,5,1,3,2,0,4,3,6,2,5,4,3,1,4,1,2,7,2,1,3,3,6,2,1,2,1,3,4,6,3,2,4,3,5,5,5,3,7,5,5,3,2,2,2,1,3,5,0,3,4,2,2,4,0,2,5,5,7,5,1,2,4,3,0,2,4,1,4,6,6,2,5,6,4,2,3,3,3,5,2,2,5,1,4,5,3,0,2,3,3,5,4,5,3,2,7,5,6,5,6,4,2,3,1,1
194,9,3,2,4,5,5,1,7,7,9,6,0,5,2,2,4,1,0,1,9,5,4,3,3,2,2,12,2,7,7,6,4,3,3,2,3,2,5,3,4,5,3,3,4,2,6,5,6,2,3,1,2,4,3,3,5,2,6,1,5,2,1,5,5,7,4,6,5,4,5,3,5,2,7,2,6,3,6,5,2,2,7,5,3,0,2,9,4,5,4,1,5,1,6,4,3,3,2,2,5,4,3,3,2,5,4,1,3,4,0,2,6,4,5,5,1,3,2,5,4,3,3,1,2,6,3,3,4,6,2,4,6,3,1,3,5,3,2,0,3,5,4,3,1,0,3,2,4,4,6,4,6,4,2,3,4,1,3,2,6,6,3,4,4,5,3,1,2,3,2,2,5,8,2,7,0,4,4,1,4,5,2,2,2,6,8,4,8,3,1,3,2,3,1,7,6,6,1,2,2
195,2,2,3,7,2,5,2,3,3,6,4,6,0,8,3,1,5,5,5,7,1,4,5,6,5,3,9,7,2,5,6,4,4,8,3,5,6,4,9,7,2,7,7,2,5,6,3,4,8,0,6,1,2,1,2,2,3,8,2,5,3,2,7,5,1,2,7,5,4,3,3,1,2,2,5,2,4,3,4,3,1,4,4,4,3,4,3,5,3,3,5,1,2,6,1,5,6,4,4,8,4,3,4,6,4,6,2,5,3,6,2,2,1,2,3,2,3,3,4,2,5,5,4,5,4,6,5,6,2,5,6,6,4,5,3,3,2,2,3,5,5,5,1,2,1,7,3,1,3,4,3,3,3,0,2,2,2,5,2,4,5,8,8,2,5,7,4,5,0,4,4,6,2,4,3,2,3,7,4,4,2,4,3,3,5,1,3,2,3,4,1,4,3,5,4,2,3,3,5,1
196,4,3,4,7,5,1,1,1,3,2,2,2,4,2,3,2,5,2,3,7,2,4,5,3,1,7,3,2,2,7,5,2,1,2,0,1,4,2,1,2,2,3,6,4,2,2,4,7,5,2,4,5,5,3,3,3,3,4,5,4,2,4,7,3,5,4,5,2,6,2,2,5,4,4,2,1,4,1,1,4,2,5,8,3,6,1,3,2,3,4,3,3,3,2,3,5,3,1,6,4,3,3,4,3,3,3,7,4,4,3,3,5,1,6,6,3,2,5,2,7,2,2,3,3,0,3,4,5,5,1,5,6,1,0,5,1,1,1,9,6,3,0,2,6,0,3,2,5,3,3,3,4,3,3,2,4,1,4,3,1,9,6,3,6,6,3,5,3,6,3,6,3,6,3,5,4,2,5,5,2,3,1,3,4,5,3,6,2,6,10,4,6,2,6,5,1,1,3,2,6
197,2,6,4,2,4,7,2,3,2,6,3,3,3,3,4,4,2,4,3,0,9,5,4,1,4,4,2,2,4,6,2,3,2,4,3,4,4,2,4,1,6,5,1,4,7,1,2,4,2,0,5,8,4,5,2,2,2,7,3,3,3,2,3,3,5,4,4,0,2,4,1,0,4,4,7,5,6,4,7,5,1,7,1,3,4,4,2,8,3,3,2,3,2,1,4,3,4,3,7,2,4,2,3,0,4,6,7,4,3,4,3,7,4,0,1,4,2,9,4,5,4,5,2,4,5,2,3,4,5,3,7,3,9,9,2,3,3,3,5,2,6,3,6,2,5,4,1,3,1,3,0,4,3,5,2,4,4,5,2,2,2,4,5,2,5,5,0,3,6,3,2,1,3,4,4,5,3,2,2,3,2,5,3,2,3,2,1,3,6,5,5,3,3,1,5,4,4,2,3,4
198,4,2,2,2,0,6,9,4,6,3,5,3,7,0,2,3,4,2,8,2,3,7,2,4,4,4,2,3,7,3,5,6,3,3,5,5,7,5,1,4,2,4,1,3,4,2,1,4,5,2,5,8,4,3,4,0,3,4,4,0,4,4,3,2,5,5,1,2,7,4,2,8,2,4,2,6,7,1,3,2,1,6,3,1,5,4,5,5,5,5,2,4,1,4,2,3,3,3,2,3,2,7,4,3,9,6,1,4,2,1,2,3,0,3,1,5,6,2,8,6,2,2,3,4,3,3,3,2,4,4,1,3,3,3,2,3,4,3,4,1,2,3,4,3,5,2,5,5,3,8,2,4,5,1,3,0,8,1,2,3,3,4,7,5,1,2,6,6,4,4,5,3,3,8,3,4,4,3,4,3,7,5,1,3,4,2,5,3,6,3,3,3,6,4,4,2,2,4,7,3
199,1,5,3,4,4,6,6,4,6,7,2,1,2,2,1,3,3,4,4,2,4,4,7,3,3,1,7,4,4,2,4,2,3,4,1,0,3,3,5,2,5,3,4,3,5,1,3,3,3,0,5,5,6,2,0,2,5,3,4,3,3,1,1,2,1,3,4,1,5,3,3,5,1,1,6,2,1,5,3,4,3,4,1,5,5,3,2,4,5,5,6,2,2,7,5,3,2,3,3,3,7,2,3,6,5,3,2,1,2,3,4,7,5,3,3,9,3,2,3,3,6,5,5,1,2,2,1,6,2,3,2,4,2,4,4,5,2,3,1,4,4,6,3,1,3,5,5,4,6,7,2,2,3,3,3,1,4,5,2,7,4,4,1,1,3,2,2,2,2,6,5,5,4,5,2,4,3,3,5,5,6,5,7,3,6,3,1,1,3,3,2,6,3,2,4,5,6,4,2,4
2,4,1,2,4,4,4,3,4,4,2,3,3,5,4,4,6,5,6,7,3,0,8,4,4,7,4,7,2,1,1,1,8,3,5,8,5,4,4,4,5,2,3,1,6,4,4,2,2,2,2,4,3,6,5,1,4,0,3,3,3,4,5,0,5,5,5,2,3,6,6,2,0,5,1,5,2,2,3,4,6,2,3,4,2,1,4,3,3,4,5,0,2,3,2,0,3,2,3,2,6,1,3,3,5,6,6,3,2,1,8,3,0,1,3,2,1,2,2,4,6,2,2,5,1,1,3,4,4,4,3,6,3,6,7,4,4,3,2,3,3,8,2,2,5,3,4,2,2,2,3,2,5,1,0,4,4,3,5,4,6,2,4,2,4,1,2,8,2,1,3,8,5,1,4,3,3,2,4,3,8,4,3,2,3,3,1,2,2,3,4,3,1,6,3,4,3,3,2,6,3
20,1,3,5,3,2,1,2,4,1,0,2,5,4,3,3,3,5,2,1,0,3,5,2,3,4,6,3,7,7,1,2,2,3,4,2,4,4,1,5,0,3,6,9,2,3,1,2,2,6,2,3,6,6,5,3,1,3,5,2,1,5,1,3,3,3,7,4,3,3,2,5,2,3,2,9,1,1,7,2,4,6,3,7,5,6,5,3,2,4,5,1,3,3,3,0,2,6,2,1,4,1,3,3,6,4,3,3,3,4,1,4,3,4,4,4,4,4,4,3,3,2,2,4,1,1,0,2,6,3,6,4,4,3,3,1,3,5,5,2,2,2,6,5,3,1,3,4,5,3,4,1,5,4,3,0,3,3,4,0,3,8,2,5,5,5,2,3,1,5,7,8,2,1,1,3,2,2,2,4,2,6,3,2,2,0,4,4,1,1,2,3,5,3,4,1,4,5,2,4,2
200,2,5,6,3,3,4,3,3,7,6,5,7,4,5,2,0,6,3,4,5,1,3,0,3,5,6,5,2,7,2,5,2,1,2,3,4,4,3,4,3,5,6,4,3,2,3,4,2,3,5,6,3,2,7,4,2,6,4,4,5,5,1,3,2,2,4,4,3,4,2,5,3,6,2,6,6,1,5,2,4,2,2,3,6,5,2,2,2,5,3,6,3,5,3,5,3,5,0,2,5,1,6,2,5,1,3,4,2,4,4,3,3,3,3,3,2,6,2,3,4,2,6,3,3,4,2,2,3,7,6,5,3,2,2,5,3,4,3,1,5,3,1,3,5,6,4,5,3,6,1,3,5,4,2,4,4,3,5,3,3,5,4,5,3,4,3,6,3,3,3,4,4,4,3,6,5,2,4,6,4,0,3,6,1,4,3,2,4,3,3,3,5,5,5,3,2,4,2,3,2
21,3,3,2,3,5,2,4,2,3,2,7,5,6,3,2,4,8,2,3,4,4,5,2,1,7,1,2,2,1,4,5,1,4,3,3,3,1,3,5,3,1,2,3,7,4,4,5,5,1,6,0,1,6,4,5,1,1,2,3,4,3,1,6,3,6,7,3,3,3,3,6,5,2,4,1,1,4,6,4,8,5,5,2,4,2,4,7,3,5,7,3,7,3,3,5,3,4,4,5,2,4,1,2,5,3,4,3,3,3,0,5,3,9,6,5,4,4,1,3,4,3,2,2,4,5,2,2,2,7,4,2,4,2,1,6,3,5,4,5,2,2,2,5,4,2,4,1,6,1,5,4,5,2,6,6,1,6,1,2,3,4,1,4,3,4,1,4,4,5,1,1,4,2,3,2,3,4,6,4,10,1,3,1,3,5,6,2,3,2,0,2,7,5,6,5,3,3,1,2,3
22,6,8,6,4,1,7,5,4,5,6,0,2,5,1,2,3,4,5,8,5,5,3,4,7,6,2,4,3,3,6,4,7,3,4,2,4,3,3,2,3,2,1,1,3,3,0,3,2,3,2,3,4,5,3,4,3,4,3,5,5,3,7,6,1,1,2,3,3,6,3,5,6,6,1,5,4,3,1,2,4,2,2,3,4,3,4,6,3,0,5,4,2,2,5,3,3,5,5,3,2,4,5,5,2,1,4,8,3,4,5,3,3,2,3,4,4,4,3,4,5,5,5,2,1,4,4,0,0,2,3,4,2,2,5,3,2,8,7,2,2,4,2,5,4,6,5,4,6,5,3,7,6,5,1,1,0,4,2,4,8,2,6,3,0,3,1,7,4,3,4,2,4,2,4,1,7,4,3,5,5,1,3,3,4,3,3,2,3,2,5,6,6,1,3,5,4,2,2,5,3
23,2,3,1,3,2,4,3,5,7,3,5,4,4,1,3,3,4,5,3,0,2,2,3,4,2,1,3,3,1,5,3,4,6,1,6,1,4,8,3,4,1,4,6,6,2,6,2,8,2,4,3,4,1,3,1,5,2,2,2,2,2,1,4,2,4,4,4,3,5,6,4,2,3,4,3,4,1,5,7,1,3,5,0,3,0,3,4,4,5,1,5,4,3,3,3,2,1,0,4,3,2,3,5,1,9,3,5,3,7,4,4,3,5,3,4,3,3,5,3,1,6,2,6,3,5,5,7,2,2,5,3,4,6,2,4,3,1,5,5,2,7,3,3,6,3,4,4,2,2,5,1,2,1,3,4,2,5,2,1,1,4,0,1,2,7,1,2,6,3,1,4,7,5,2,1,1,5,5,4,3,2,4,6,6,2,3,1,3,1,2,2,1,3,3,5,6,2,4,4,3
24,4,4,0,1,3,3,3,6,5,9,3,8,3,2,2,5,2,6,2,3,6,3,1,3,6,1,4,1,2,3,3,3,3,4,3,5,5,2,2,2,2,5,1,5,4,3,4,6,3,3,2,1,5,1,4,4,4,8,2,2,4,4,1,3,3,3,2,4,4,3,0,4,8,3,3,3,1,3,3,3,5,3,1,2,4,5,0,4,3,7,5,5,4,4,3,3,2,4,3,4,2,4,5,0,8,4,2,0,3,2,4,3,2,3,8,2,4,6,5,1,5,6,4,3,1,7,4,2,5,2,3,2,5,6,4,3,2,2,3,3,4,2,1,3,6,2,2,7,6,3,4,4,2,3,3,6,3,4,1,7,2,8,0,2,8,4,5,5,5,3,3,8,5,1,4,3,2,4,2,1,3,3,1,5,2,4,7,9,2,5,2,5,4,5,4,3,1,2,3,2
25,0,3,4,1,3,1,3,0,3,7,1,5,5,3,2,7,0,3,3,2,3,1,2,4,3,3,1,2,1,5,3,5,3,6,1,5,6,5,3,1,2,2,2,4,5,2,3,0,4,2,6,6,1,7,3,3,2,4,6,6,5,2,4,6,1,3,4,4,5,3,3,6,3,3,4,2,2,3,5,1,1,3,6,4,2,8,7,3,4,4,3,3,12,5,2,5,2,2,7,7,0,3,3,4,4,4,3,0,2,4,3,2,1,3,0,7,2,1,4,2,4,3,0,3,1,6,6,4,1,2,1,2,5,7,3,5,2,4,6,1,2,0,5,6,2,4,5,3,1,5,4,0,3,4,3,4,5,3,3,4,1,3,3,1,1,4,2,6,1,4,4,2,3,2,5,6,4,3,2,3,2,7,3,1,1,4,6,4,5,1,3,4,1,7,6,4,2,3,3,4
26,6,2,4,3,5,2,6,3,5,6,7,1,1,3,2,2,4,4,2,4,6,3,7,6,3,6,5,1,4,1,1,4,3,4,4,3,4,4,4,3,5,4,6,7,3,1,3,0,4,1,3,5,4,2,6,2,7,5,2,0,5,4,2,3,5,7,3,2,3,3,5,6,6,3,4,2,4,0,5,2,4,2,2,1,2,1,2,10,5,3,3,8,6,2,5,7,1,6,9,4,4,2,1,3,5,3,2,0,3,4,6,5,3,5,0,1,2,3,1,6,6,2,6,3,2,8,5,5,3,6,4,4,4,6,2,2,3,0,2,5,3,0,4,5,4,2,4,2,4,3,6,2,3,2,3,1,1,5,1,3,4,6,4,3,2,7,4,8,3,2,4,2,3,6,7,1,2,4,4,3,2,2,5,2,0,1,4,3,0,3,3,2,4,5,2,6,4,2,3,1
27,1,6,2,4,3,2,1,3,4,2,6,3,5,5,1,7,7,6,2,8,2,2,4,4,1,4,5,2,3,6,4,3,3,1,1,3,3,2,2,4,2,0,5,5,3,3,1,4,7,5,2,0,2,3,5,4,4,4,4,2,3,7,1,5,5,4,5,3,5,1,6,0,5,2,5,7,3,4,4,6,6,2,3,3,3,4,5,4,4,2,3,4,5,2,5,8,7,2,6,5,0,2,3,0,4,3,7,3,4,4,2,2,2,2,2,5,2,4,5,7,4,5,4,5,3,6,6,3,6,4,3,4,1,5,4,4,4,3,4,3,3,2,7,4,3,3,1,4,5,3,11,7,3,3,8,4,4,9,4,3,5,2,1,1,4,1,8,3,4,8,1,4,8,4,3,5,4,2,4,7,5,1,4,7,1,6,6,1,2,4,2,4,6,5,3,2,4,0,4,4
28,3,4,7,4,5,2,4,7,0,3,2,2,5,4,2,1,6,3,4,2,6,4,1,3,2,3,4,4,5,2,1,2,5,4,5,2,2,5,2,1,6,4,5,4,2,2,5,7,1,3,3,0,5,3,5,7,3,4,2,1,3,4,5,4,5,3,4,2,3,7,4,1,2,1,1,5,4,1,5,4,7,2,5,4,4,6,3,2,2,4,3,2,4,3,6,2,1,3,2,0,2,4,7,6,2,3,1,2,4,1,4,3,3,2,4,4,5,2,3,7,4,4,1,4,4,1,5,1,3,8,3,5,3,6,3,6,0,5,1,6,5,3,1,4,3,5,1,3,3,2,4,3,5,1,1,5,3,5,2,5,3,2,3,6,6,4,5,2,2,7,5,6,3,3,2,4,4,4,4,1,8,4,4,1,3,3,5,1,3,8,3,1,0,3,3,2,4,4,2,3
29,3,4,4,3,3,3,7,7,2,2,3,3,3,2,2,4,2,4,3,3,5,5,8,5,3,1,1,3,3,4,4,2,3,3,2,4,1,2,1,4,1,3,3,3,3,11,6,0,6,2,6,4,3,10,3,1,1,3,12,2,2,4,2,4,4,2,4,6,1,3,1,3,1,3,3,0,4,4,6,10,4,1,2,3,2,1,1,2,6,2,6,3,5,4,1,6,3,4,5,5,1,3,0,4,3,5,5,6,3,2,5,1,5,1,4,5,3,1,7,3,7,7,6,2,3,3,4,1,3,2,4,2,5,3,6,4,3,2,4,4,5,2,3,7,6,9,4,2,3,3,5,5,5,4,4,0,3,4,4,4,6,10,3,3,4,1,3,4,1,6,5,1,4,4,2,5,5,6,3,2,2,3,3,5,3,4,7,4,1,1,1,3,2,2,5,3,4,3,3,5
3,2,4,0,8,2,5,5,8,2,4,2,5,2,3,3,5,5,2,10,4,3,1,4,3,1,2,2,0,3,5,1,4,3,6,4,3,6,0,3,5,2,5,2,3,3,5,4,4,6,6,5,2,4,5,3,5,4,4,4,5,4,2,2,5,2,1,2,4,2,6,4,7,5,4,3,2,2,1,2,2,5,5,6,4,7,1,3,3,1,4,6,8,4,0,2,3,4,1,3,3,2,2,1,6,1,6,3,2,5,3,5,3,3,3,1,2,6,3,3,1,2,9,7,1,5,5,5,1,1,5,6,4,1,1,2,5,4,4,5,4,1,3,1,6,2,2,4,2,4,2,3,2,3,4,4,1,2,2,1,4,3,1,5,4,3,5,2,2,3,3,3,3,5,2,4,4,4,3,4,4,2,3,5,6,6,4,5,3,3,5,3,4,2,6,3,3,1,4,0,7
30,4,4,3,3,6,2,1,4,4,3,4,7,5,6,3,3,3,5,8,2,5,2,1,3,8,1,1,6,3,5,0,5,3,5,6,1,1,3,4,3,4,7,6,6,0,4,3,5,2,5,3,3,2,5,6,1,2,2,2,2,5,2,5,4,5,5,4,2,0,3,1,4,6,4,2,3,1,4,3,5,7,4,3,4,4,5,0,4,5,1,4,0,4,5,2,3,5,7,4,1,2,2,3,3,4,4,3,3,3,3,4,5,1,5,3,4,2,2,2,3,4,3,1,4,3,3,2,4,3,3,7,4,6,3,5,2,5,1,3,4,3,3,2,3,2,3,1,1,3,3,5,4,5,8,5,6,2,5,4,2,3,3,4,4,5,1,3,1,3,3,2,5,5,3,1,1,3,2,5,2,2,3,2,6,10,4,6,3,5,3,3,2,5,6,3,5,0,3,3,3
31,5,1,6,1,3,2,3,4,5,1,5,5,3,3,5,3,4,6,3,3,4,6,4,2,0,4,3,2,1,4,3,6,6,3,2,3,6,5,5,3,4,3,2,1,2,7,0,4,5,2,4,2,2,4,0,1,1,2,2,6,5,2,3,2,5,5,4,5,6,2,3,6,3,3,5,5,5,3,5,4,5,0,4,4,9,1,3,5,1,5,3,4,3,3,3,3,2,8,3,3,3,4,6,6,4,2,4,5,1,1,1,1,2,4,1,2,4,7,1,4,4,8,2,1,5,2,2,3,3,4,3,5,6,3,2,1,0,6,1,2,4,2,6,4,5,1,4,4,3,3,2,5,5,6,4,2,5,3,3,1,1,3,4,4,1,4,3,4,4,3,3,1,2,6,2,2,3,5,0,7,4,6,4,2,1,4,4,3,5,2,2,3,4,3,3,5,3,6,5,8
32,3,4,3,4,6,4,4,6,1,4,2,0,2,0,6,4,5,2,3,3,4,9,5,2,0,3,1,2,3,6,4,2,4,5,5,6,4,6,4,4,3,5,3,3,4,3,2,2,0,6,0,3,0,2,5,6,3,8,1,3,6,6,2,4,6,2,3,2,3,4,3,2,3,3,0,5,1,2,3,0,5,2,1,2,1,8,2,3,4,5,3,2,1,6,7,3,3,2,6,3,1,4,5,3,2,5,5,2,3,2,3,2,3,3,1,3,1,0,3,6,8,2,2,11,4,2,2,7,2,4,1,6,4,4,3,2,5,3,5,2,7,3,2,4,4,5,5,3,4,1,4,5,6,5,4,3,5,5,4,5,0,4,5,7,4,8,6,4,3,1,4,2,6,5,4,2,5,4,2,4,3,4,2,6,6,4,6,3,10,4,5,4,1,5,2,3,4,5,3,3
33,3,2,3,2,2,3,9,8,4,4,3,3,4,4,1,3,3,5,1,4,3,3,5,2,5,1,3,4,5,3,3,5,2,3,0,1,4,4,5,3,5,10,3,5,5,6,5,4,3,2,0,3,2,0,2,4,3,4,6,0,2,1,1,3,2,1,2,2,8,2,4,2,4,6,2,4,3,1,3,3,4,5,4,3,3,2,5,4,2,5,2,5,4,3,1,4,2,5,0,3,2,3,5,2,4,4,5,4,4,2,4,2,2,1,5,4,6,2,2,4,2,3,5,3,3,4,1,4,1,2,1,4,4,4,5,3,5,3,5,4,3,5,4,3,4,1,5,4,4,2,2,3,7,1,5,3,2,4,2,6,2,3,4,3,7,6,4,3,3,4,3,4,2,1,4,5,1,2,4,1,3,3,2,4,3,3,3,0,4,2,4,2,3,2,6,4,6,3,6,1
34,2,2,3,7,1,4,3,4,8,2,1,4,4,3,5,2,4,4,1,7,1,8,3,2,4,5,4,5,0,3,7,2,2,2,1,3,5,5,1,3,5,3,2,5,4,3,2,4,4,6,1,7,2,3,5,2,4,5,2,3,3,1,3,4,4,2,1,4,4,2,4,4,4,3,2,4,6,7,3,2,1,5,1,1,4,3,4,1,1,5,4,3,0,6,4,8,6,3,1,3,5,1,3,3,2,7,7,6,4,2,2,1,2,3,3,4,2,3,4,3,4,1,2,3,5,2,6,4,3,0,4,5,4,2,3,6,3,3,6,3,1,2,4,1,2,4,4,1,4,6,4,2,5,2,5,5,3,2,8,4,2,2,8,3,4,6,7,2,6,5,4,1,3,5,1,3,3,1,1,4,4,6,2,8,1,6,4,4,6,1,4,4,2,4,4,6,6,4,3,4
35,3,1,4,2,2,4,5,1,4,5,5,2,3,2,3,5,5,5,1,5,3,3,1,5,2,2,6,1,8,1,3,1,1,3,1,4,2,5,6,4,7,1,10,2,6,3,5,6,3,3,1,2,4,4,2,5,10,5,2,4,2,4,6,5,2,4,2,2,3,4,3,7,6,2,2,1,4,0,5,4,2,4,4,2,5,2,7,10,4,2,3,5,2,8,4,2,4,3,3,3,3,2,2,4,5,7,4,7,3,3,4,3,2,7,7,4,3,1,5,3,10,5,3,4,6,4,5,1,4,4,4,1,6,2,4,6,6,2,3,3,4,3,6,2,4,2,5,3,4,5,4,5,3,1,3,4,4,5,7,0,4,3,6,2,1,4,5,4,3,4,2,2,1,5,4,2,4,3,5,3,5,7,1,1,4,2,5,1,2,6,5,5,5,4,3,2,3,6,6,1
36,5,8,1,3,3,6,3,4,5,1,3,5,6,3,4,2,3,4,5,1,5,5,1,2,3,4,3,3,3,6,4,3,5,5,5,5,5,3,8,6,4,3,5,0,0,3,1,4,6,8,5,9,4,1,6,2,5,2,2,3,4,3,5,5,1,1,2,2,1,5,3,4,3,2,6,4,3,4,3,5,0,0,6,3,3,4,4,5,4,2,1,2,2,2,2,1,4,2,5,9,2,2,4,4,3,7,2,2,3,2,1,5,1,5,3,4,1,6,2,2,6,2,3,3,4,6,7,2,4,1,5,4,4,3,4,5,2,1,3,3,3,2,5,4,6,1,4,4,3,5,1,8,1,3,3,8,2,1,5,4,2,6,4,2,1,4,6,4,5,3,4,4,3,3,0,0,3,4,2,3,1,5,3,2,8,2,5,4,6,0,5,3,4,1,3,4,1,2,8,7
37,4,1,4,4,2,3,4,2,8,2,2,4,3,2,2,3,3,4,3,4,8,3,5,4,6,2,2,2,1,5,2,7,3,2,1,3,4,4,5,7,3,2,3,7,3,6,2,3,3,5,3,0,4,5,7,1,5,3,1,6,1,3,6,5,5,0,2,5,7,2,5,2,5,4,5,5,2,1,3,4,3,6,2,5,2,7,3,3,3,4,2,1,3,4,4,4,4,6,2,5,4,5,4,3,3,1,8,2,1,8,4,2,3,1,4,7,2,5,1,4,4,5,3,2,3,2,3,3,1,4,5,2,2,4,3,3,4,7,4,2,2,4,6,7,2,4,4,2,4,4,3,1,3,6,3,5,6,1,3,3,4,4,2,1,5,1,4,3,7,6,4,3,3,4,5,5,2,1,2,3,3,2,3,3,8,7,1,3,7,2,0,1,3,2,6,2,4,4,3,3
38,7,6,3,3,4,4,4,1,1,2,8,3,5,4,2,2,2,5,3,5,2,2,1,3,1,3,7,3,5,5,7,1,4,4,1,2,0,3,2,3,2,2,4,6,2,2,4,1,5,6,4,4,2,4,7,3,5,6,3,1,1,6,9,3,7,0,5,4,8,4,3,4,1,10,1,3,2,7,2,4,2,5,4,3,3,5,5,1,3,3,3,2,4,2,2,5,0,2,5,4,1,3,4,2,3,1,0,4,1,5,1,8,6,1,6,2,1,8,1,6,5,1,4,4,4,2,4,4,8,4,4,4,4,4,2,7,3,4,1,5,7,4,3,4,5,1,3,4,5,7,5,1,4,4,3,5,2,2,4,0,4,1,4,6,6,3,5,3,0,2,3,3,5,2,6,6,7,5,3,1,1,0,2,9,3,2,3,5,2,3,6,3,5,3,3,1,4,5,3,4
39,7,5,1,2,4,2,5,2,5,4,1,5,4,3,3,1,7,2,3,2,3,2,3,2,1,7,1,8,2,4,5,3,2,2,3,3,3,6,4,5,4,6,0,5,5,4,7,0,4,2,8,2,3,4,4,3,3,6,4,1,1,4,4,5,7,4,6,6,5,2,2,4,4,5,1,2,2,3,4,5,3,3,1,4,2,1,7,5,4,3,3,5,1,4,4,3,4,2,4,3,2,3,2,1,1,5,1,2,2,3,3,4,4,4,3,2,1,4,2,1,3,3,2,1,6,1,5,2,6,1,1,3,2,1,2,1,4,2,6,2,3,6,7,2,5,2,3,2,5,3,3,1,6,6,7,1,2,4,5,1,3,4,0,3,5,5,2,3,4,5,4,2,2,1,3,5,2,4,4,2,2,4,4,4,2,4,3,3,6,6,3,3,3,8,3,3,2,1,8,3
4,2,0,2,5,5,2,5,3,5,2,1,0,4,2,7,4,7,2,4,4,10,2,5,3,0,2,4,3,4,3,4,2,3,3,1,3,2,5,2,4,2,1,5,5,3,2,2,4,1,3,7,1,4,1,6,2,4,5,1,4,1,9,0,4,1,4,5,9,6,9,5,6,2,9,1,2,4,5,3,4,4,2,2,5,4,4,3,4,3,3,5,1,5,2,3,6,6,5,2,3,4,1,3,3,1,7,5,4,4,4,2,3,6,6,7,6,4,3,2,2,5,3,6,7,1,0,2,2,6,5,4,1,9,2,6,5,2,3,3,3,1,3,1,3,3,0,2,4,2,2,6,0,9,4,3,6,5,3,3,1,7,7,2,1,4,1,1,1,5,4,5,4,3,4,4,3,3,6,5,4,0,3,4,2,5,3,4,2,4,1,2,3,6,1,0,4,6,3,7,0
40,5,3,2,5,3,2,1,4,5,2,3,5,0,5,1,5,3,5,4,3,2,3,3,2,5,4,3,2,3,4,7,2,2,3,2,3,4,7,2,4,2,2,4,5,2,1,6,3,4,5,2,3,5,3,3,2,3,4,2,4,4,2,3,3,6,5,7,0,3,1,9,6,4,5,2,3,5,3,2,7,3,7,3,2,4,3,0,0,7,2,4,4,5,5,2,6,4,1,5,2,5,4,2,8,4,7,2,4,2,3,2,4,6,3,1,6,3,0,1,5,3,3,1,5,6,3,4,4,5,4,3,6,3,0,3,4,0,1,4,4,3,5,4,3,8,2,4,4,2,7,6,6,4,4,1,0,3,3,4,2,3,2,6,4,2,3,5,1,5,2,6,5,4,3,2,4,2,3,7,2,2,4,4,8,6,4,4,4,2,2,5,4,4,2,3,9,5,1,3,2
41,3,3,4,3,4,0,4,4,2,2,3,1,5,3,5,3,3,1,1,2,5,5,7,9,1,3,1,1,11,5,1,1,4,3,0,3,7,3,4,0,1,4,2,1,14,0,5,2,3,3,3,2,6,3,2,3,2,3,1,5,5,0,6,3,3,4,0,2,5,9,2,4,2,5,7,6,4,11,4,3,2,5,4,3,2,0,4,4,4,3,4,2,6,3,3,0,3,4,4,3,4,4,5,5,2,1,1,6,4,5,4,5,4,6,3,5,2,1,3,3,6,2,4,5,4,5,1,5,4,5,5,6,4,3,6,5,5,3,4,4,3,4,3,2,5,2,3,3,4,5,4,2,1,4,5,3,4,4,3,2,5,4,2,3,5,3,3,6,1,2,2,4,2,5,2,1,6,3,2,2,4,5,2,4,5,6,3,4,5,3,3,4,5,3,2,3,5,2,3,1
42,4,1,4,3,3,3,3,6,4,6,3,6,4,3,3,2,7,4,4,2,5,8,2,5,2,2,2,2,3,6,3,3,2,0,5,5,6,2,4,2,3,1,1,2,3,2,3,5,4,8,3,3,3,3,10,3,4,4,5,6,3,2,1,3,5,3,1,4,2,3,6,0,1,0,2,3,3,4,5,3,1,5,5,1,3,5,3,4,2,7,2,6,2,3,1,3,3,6,6,2,4,1,6,3,2,3,5,4,3,6,5,6,4,6,7,6,3,1,1,3,1,3,0,0,4,2,2,1,0,7,4,4,2,4,2,3,5,5,5,6,6,3,4,4,2,3,4,5,4,3,4,3,2,3,3,1,2,3,4,5,4,4,7,2,4,1,4,1,3,8,1,2,2,0,4,5,1,4,3,4,3,6,2,5,2,6,1,4,4,1,1,4,3,1,6,4,5,6,2,4
43,4,0,4,3,5,2,3,3,2,3,5,6,1,2,4,6,3,3,3,1,2,5,2,4,7,7,3,2,1,4,3,6,2,1,3,1,6,4,4,3,4,7,1,1,3,3,5,5,6,7,7,7,4,3,2,2,3,3,7,0,6,2,1,2,4,2,4,2,2,3,2,7,5,6,2,3,5,5,3,5,5,4,1,2,3,3,6,3,5,5,3,4,5,5,6,4,3,3,4,0,0,3,2,3,7,2,5,1,2,3,2,3,3,4,3,2,5,3,1,7,2,3,4,4,3,4,2,2,6,3,2,3,7,4,9,2,4,2,3,2,6,3,1,1,2,2,2,5,2,5,4,4,1,3,3,4,4,2,8,2,4,4,2,2,2,3,6,9,6,2,5,3,3,3,4,4,1,5,5,3,3,6,4,2,4,5,9,2,1,2,3,3,4,2,4,2,7,4,3,4
44,3,1,2,2,4,3,2,4,2,6,2,3,0,5,6,5,5,1,2,2,3,5,5,6,3,4,5,3,3,4,2,1,2,4,4,1,7,5,5,5,3,2,2,3,0,3,10,1,4,5,3,4,5,5,3,7,3,3,5,3,3,7,3,4,1,4,1,3,1,5,4,4,1,3,0,1,3,5,3,5,3,7,3,3,3,1,1,2,5,2,3,1,2,4,3,6,2,3,6,5,2,3,3,5,3,7,6,2,4,3,3,5,4,1,1,8,4,5,2,2,5,5,2,2,3,3,4,4,3,2,2,7,0,4,3,5,6,3,3,1,1,4,3,4,4,3,2,3,4,3,1,7,6,4,3,4,2,2,2,4,4,4,0,4,4,4,5,3,3,2,6,2,3,5,4,2,1,2,3,2,3,5,5,3,1,4,1,1,8,6,5,3,6,3,0,4,4,3,3,6
45,4,4,8,3,1,3,3,5,3,4,2,3,2,1,0,2,3,1,3,1,4,1,7,4,3,4,3,3,6,7,4,5,2,1,2,4,3,4,3,2,2,0,3,5,4,5,3,10,3,3,5,3,1,2,3,4,2,2,0,1,7,5,1,4,2,6,6,4,5,3,5,3,4,3,4,3,5,2,6,1,3,3,4,7,5,1,2,2,2,2,6,4,1,3,1,3,3,4,4,2,3,2,2,5,5,2,4,4,5,4,1,2,2,4,3,6,5,3,3,3,6,1,3,5,2,3,2,2,1,2,2,7,5,6,4,3,3,6,5,0,4,4,4,3,7,3,5,2,3,3,5,2,5,7,3,4,3,5,4,4,3,3,4,7,3,5,5,5,5,4,3,2,2,5,5,2,0,1,4,2,5,3,6,2,3,5,1,3,2,4,3,3,2,2,3,6,1,7,2,4
46,3,2,5,6,0,3,5,1,6,7,6,3,2,1,4,4,4,2,5,8,6,3,1,1,1,4,4,4,0,4,3,5,6,3,2,3,1,3,2,3,4,2,4,3,5,4,1,5,5,5,4,4,6,3,0,5,4,3,2,2,0,0,0,6,4,3,3,5,3,2,7,3,6,4,3,7,4,2,0,2,8,1,7,3,0,6,3,5,4,4,3,2,5,5,1,4,3,5,4,3,2,2,2,6,4,4,4,5,4,3,0,4,6,6,3,7,3,5,3,4,3,3,6,9,3,5,3,2,5,2,4,3,3,2,0,4,2,0,1,3,5,4,3,3,6,4,1,8,3,2,3,3,5,6,2,7,2,5,2,3,4,1,6,10,4,4,1,2,4,3,3,2,6,2,1,2,7,2,6,4,3,1,6,4,2,2,5,5,3,0,3,3,0,4,6,5,5,1,2,6
47,1,2,1,1,3,4,4,4,3,4,3,2,3,3,2,0,2,6,4,3,6,4,4,8,2,4,3,3,1,4,5,3,5,2,1,5,4,1,7,4,2,0,2,7,3,2,3,7,6,3,2,5,1,1,2,3,2,4,5,3,1,4,6,3,7,1,2,4,5,4,4,8,4,3,7,2,3,5,5,2,1,4,2,0,6,4,5,6,1,5,4,3,5,2,0,3,2,5,2,3,5,4,6,2,3,3,7,3,2,4,2,4,1,2,6,2,7,2,2,1,2,5,3,2,3,1,3,2,5,1,5,3,4,4,1,5,6,9,2,2,6,2,5,7,6,3,5,5,4,1,3,2,1,4,4,6,3,3,3,3,7,2,1,4,2,1,4,4,2,1,1,1,3,4,2,5,2,3,4,5,6,5,7,5,5,4,1,6,5,5,3,7,4,5,5,2,3,4,2,6
48,6,5,3,2,9,0,5,1,5,3,3,2,1,2,9,2,2,5,4,4,2,1,3,2,4,2,3,5,0,4,4,5,2,3,3,5,6,7,5,2,1,5,2,7,2,5,4,3,4,1,3,9,4,1,3,1,3,5,3,8,3,4,1,5,3,2,1,5,1,1,10,1,4,1,1,7,3,3,5,8,5,5,5,4,1,4,5,5,0,7,2,7,1,2,2,2,3,4,5,4,3,3,4,2,0,1,4,4,2,4,0,2,3,1,3,1,3,2,3,6,7,4,5,5,1,1,6,5,3,5,6,0,3,5,5,6,3,2,5,3,9,2,2,5,7,3,6,4,1,6,5,3,4,3,2,1,3,3,3,3,0,7,1,2,5,0,1,3,2,1,2,2,5,4,1,3,7,4,4,4,7,4,4,3,3,4,3,1,4,3,2,4,4,3,7,3,3,6,4,4
49,2,2,6,3,4,4,5,6,4,3,4,3,6,3,6,4,2,2,3,6,2,5,3,4,3,4,1,5,4,3,3,4,3,4,2,6,2,3,3,4,3,3,5,5,3,5,3,2,4,3,2,3,3,1,6,2,6,5,1,1,2,4,3,6,4,1,4,1,5,5,3,0,5,0,6,6,2,4,1,5,3,2,0,6,4,3,2,6,2,4,3,2,6,4,4,2,6,2,4,3,3,6,4,4,5,3,4,3,3,5,4,0,4,4,5,5,4,3,2,7,2,4,7,1,12,4,6,1,5,1,3,4,2,2,5,4,3,1,7,4,4,0,6,3,6,4,5,4,2,4,2,3,4,5,4,1,3,3,2,5,5,2,3,4,4,2,9,5,3,3,7,3,7,3,2,2,3,5,7,3,5,4,3,3,4,3,3,2,4,4,4,5,4,2,6,6,3,3,4,2
5,3,4,3,2,2,3,5,1,5,6,3,2,3,4,4,7,2,4,2,1,5,6,4,3,3,3,3,3,5,0,2,4,1,5,2,1,4,2,3,3,3,2,4,3,5,4,6,6,5,9,7,1,3,3,3,7,3,7,3,4,1,2,0,2,2,3,6,4,3,3,3,6,5,4,2,2,3,2,2,5,2,2,1,5,2,10,4,3,2,5,4,7,4,2,3,3,1,4,4,1,2,3,5,5,3,4,7,4,3,2,3,3,2,4,7,3,3,4,5,3,4,2,6,3,3,4,1,1,1,1,3,6,3,1,5,3,2,4,7,4,3,6,2,5,7,4,3,1,4,1,2,2,3,2,5,3,8,2,5,7,4,1,4,5,4,3,2,2,6,6,4,1,3,4,3,5,2,3,5,10,5,3,3,3,6,2,4,4,2,4,3,5,2,3,2,5,2,6,2,1
50,1,3,6,2,5,4,4,2,2,5,2,3,4,3,4,3,4,3,1,5,4,3,2,2,1,3,2,2,0,3,9,4,6,3,7,1,8,2,2,8,4,2,2,1,5,7,2,3,1,2,5,1,5,8,5,3,7,4,3,4,1,3,2,2,4,1,3,5,2,2,1,2,5,3,3,2,3,3,7,7,3,1,0,1,2,0,4,2,3,6,4,4,3,2,3,2,6,0,4,2,4,5,6,2,4,4,2,6,1,7,5,1,2,2,3,3,5,2,3,5,1,1,3,2,2,4,6,5,2,4,5,2,1,4,5,6,4,1,4,6,0,2,2,5,8,6,5,2,4,4,3,6,5,6,9,1,5,2,1,1,2,4,6,6,1,6,5,6,6,3,3,1,1,5,2,4,4,3,3,4,6,0,2,2,3,2,5,8,2,6,2,4,2,2,5,3,3,6,2,1
51,5,2,4,6,4,2,7,1,5,6,3,2,2,2,3,4,4,7,9,2,6,4,2,8,2,4,4,3,8,4,6,4,5,4,3,4,2,1,1,2,3,4,5,2,4,5,2,4,5,3,4,3,7,2,4,9,1,9,2,4,4,4,4,1,3,6,4,5,1,2,5,2,4,5,1,2,2,5,3,1,4,5,4,5,9,1,4,2,0,2,1,4,6,4,6,5,6,5,2,5,7,5,4,5,7,2,4,2,4,7,4,2,2,8,4,2,4,4,1,2,6,2,2,3,3,4,4,2,2,5,2,3,7,3,5,4,4,4,3,6,4,3,4,5,6,6,4,3,3,3,3,6,3,3,3,6,4,4,3,6,2,2,1,4,3,4,2,5,2,2,4,1,2,3,3,3,3,4,3,5,5,2,4,6,5,4,5,4,5,3,2,1,6,3,4,0,6,5,4,7
52,2,4,2,2,1,3,5,2,3,0,2,1,3,2,5,2,5,1,0,2,3,0,3,3,11,1,3,6,3,6,4,4,2,9,3,1,6,4,2,2,4,3,3,2,3,2,3,3,2,2,2,4,4,4,7,6,3,4,5,5,3,3,4,2,2,3,3,5,4,7,4,0,2,2,0,3,2,3,3,5,4,2,0,5,3,2,4,3,7,8,2,4,3,5,4,1,3,3,4,2,4,3,0,2,3,5,4,3,4,4,1,3,4,4,3,4,3,8,6,6,2,3,3,1,3,4,3,2,4,4,2,3,7,4,5,5,0,4,3,1,2,1,3,1,6,4,3,5,2,5,7,2,3,3,2,5,5,6,3,5,4,2,6,4,1,5,4,4,3,2,1,6,6,3,4,3,4,1,5,1,1,2,3,2,6,3,6,0,0,3,5,4,4,3,3,4,4,6,6,4
53,1,6,5,3,1,7,4,2,2,4,1,6,5,6,3,7,4,1,3,6,5,3,5,6,2,3,0,3,3,6,2,3,2,2,1,1,1,3,7,4,2,3,6,2,1,3,3,4,5,3,3,6,3,4,7,4,1,3,4,4,3,0,3,3,3,1,2,3,5,2,3,3,2,3,6,9,3,5,4,3,2,4,2,5,3,2,4,5,1,4,4,5,5,4,5,7,2,5,3,3,1,4,0,5,3,3,3,6,4,2,1,3,3,4,2,2,3,5,4,0,3,8,7,3,4,5,5,2,6,4,3,4,5,3,1,3,8,1,3,3,2,4,2,4,4,3,2,2,2,6,5,7,4,2,2,2,3,4,3,2,3,2,4,5,4,5,9,4,4,3,4,5,1,4,4,4,5,5,5,3,5,1,3,3,5,5,4,3,2,3,2,2,2,5,1,5,4,5,5,3
54,1,4,0,8,4,3,5,4,2,3,6,3,6,4,1,4,0,2,7,2,5,6,2,1,1,3,6,5,1,2,5,4,4,3,0,4,1,6,2,2,3,4,1,6,1,6,4,6,5,4,5,1,8,3,2,3,3,3,3,4,3,2,2,3,8,1,7,2,5,4,1,1,4,4,3,7,1,7,3,1,4,4,6,7,3,2,2,5,5,2,2,7,5,3,2,1,3,4,10,8,2,2,1,4,6,5,2,7,5,2,3,2,0,5,3,1,2,2,0,2,2,1,4,11,2,2,3,2,5,2,2,2,3,2,2,3,2,4,5,1,1,5,2,2,2,2,1,4,4,5,4,4,5,6,1,3,6,4,3,0,6,3,6,3,2,5,3,0,0,1,5,6,5,1,2,3,5,4,0,4,7,2,4,1,3,8,5,5,6,3,3,3,2,2,5,3,7,5,2,3
55,3,1,5,1,3,2,0,2,3,6,4,3,5,5,1,6,2,4,4,5,2,5,5,5,1,4,8,3,2,5,5,5,5,1,2,4,5,1,4,2,6,7,5,3,3,2,4,3,4,3,1,5,3,6,1,4,5,6,3,5,2,6,3,7,0,4,4,2,1,3,4,2,4,1,5,2,4,1,3,6,4,4,3,3,5,5,0,2,3,5,1,3,5,3,5,3,2,3,3,4,5,2,8,1,4,3,3,2,4,2,4,7,1,5,1,3,2,2,3,7,2,1,5,4,2,8,4,5,4,6,8,4,4,6,5,5,2,2,4,7,1,3,0,5,1,2,5,1,2,3,3,10,4,4,1,5,1,5,3,7,2,4,8,4,4,4,3,3,3,3,3,3,1,3,5,0,3,2,8,4,4,2,4,3,5,4,2,7,2,1,2,1,2,3,3,1,5,7,7,5
56,5,1,2,4,8,4,1,2,2,6,4,2,7,3,4,4,3,4,2,4,3,3,4,6,6,3,7,3,1,2,7,2,4,6,3,6,3,1,5,6,2,5,4,6,4,4,2,5,3,2,1,0,2,2,2,4,4,3,4,4,6,3,4,4,2,4,6,2,2,3,5,4,3,3,2,2,1,5,4,4,1,3,6,4,1,5,1,5,3,4,1,2,0,3,3,5,7,3,5,5,0,3,4,1,4,3,2,3,5,5,2,5,3,5,5,5,3,2,3,2,4,6,6,4,3,1,1,5,5,5,6,4,3,1,2,10,4,0,5,2,3,5,5,3,4,3,2,3,5,2,0,4,6,6,6,1,4,3,3,1,5,7,5,5,3,5,4,6,4,3,2,7,1,3,3,2,2,5,7,3,3,1,1,6,1,2,4,6,6,8,5,3,3,4,2,4,3,2,4,3
57,4,4,4,1,10,4,2,3,1,0,1,2,1,7,2,3,6,2,4,5,5,2,4,2,2,3,4,5,5,4,3,3,7,1,5,5,3,2,6,5,5,8,2,3,3,6,4,3,4,4,3,2,3,3,2,1,0,6,1,2,5,4,5,4,1,1,6,2,4,5,4,1,5,3,3,2,0,3,1,5,5,1,1,4,6,1,6,2,2,5,3,4,3,5,4,1,4,4,2,4,3,1,1,3,1,2,4,4,3,4,3,3,4,4,8,3,1,3,5,8,2,4,1,5,3,4,3,3,1,2,1,7,2,2,4,3,9,2,3,3,5,2,2,1,6,3,5,5,2,3,4,1,2,2,3,3,4,3,4,2,7,5,3,0,5,4,2,0,6,7,1,3,6,4,3,7,4,0,2,3,4,2,5,1,3,3,8,3,3,3,1,3,6,3,6,5,2,6,2,4
58,3,3,1,4,1,2,6,3,2,5,2,7,6,3,3,5,4,2,3,4,2,0,1,4,6,4,6,3,5,4,5,4,3,3,7,7,2,1,0,2,1,3,6,6,7,2,1,4,6,6,8,2,6,3,6,3,2,4,4,7,9,7,6,3,3,2,6,4,8,2,5,1,2,4,1,4,3,8,6,5,1,5,1,3,4,3,3,4,1,3,3,5,4,3,3,7,3,2,4,4,0,3,4,5,6,6,3,1,3,0,5,5,2,2,0,0,0,5,5,5,6,1,3,3,2,4,2,1,2,7,6,4,1,7,5,3,1,4,5,1,4,4,4,0,5,3,2,3,3,5,4,2,4,5,4,2,1,5,3,2,1,1,3,6,5,5,6,1,1,3,3,3,3,4,4,0,5,2,1,3,5,1,3,3,3,1,5,6,2,7,2,2,4,2,4,4,8,3,1,5
59,3,2,3,4,3,2,2,6,3,5,3,6,6,4,3,3,5,2,0,2,5,2,1,2,1,6,5,3,3,6,3,3,8,3,3,2,2,6,1,6,5,0,6,5,5,4,4,3,1,3,1,3,1,4,0,1,2,4,2,6,4,4,2,2,4,4,0,5,4,1,1,2,0,5,3,2,4,1,1,2,3,2,1,7,4,5,3,6,2,5,2,5,3,5,1,8,6,7,2,4,4,7,3,4,3,2,2,4,4,3,7,1,1,2,6,3,3,4,3,6,5,3,4,2,2,2,2,2,4,4,4,1,1,6,4,4,6,3,5,3,7,6,5,1,5,2,5,3,1,2,1,3,5,2,4,1,6,0,2,2,9,4,2,5,1,9,4,3,1,2,5,3,4,0,5,3,5,2,2,5,5,2,3,4,0,1,5,6,2,1,2,3,1,2,4,2,2,0,3,4
6,4,6,4,5,3,2,4,7,2,4,0,4,1,6,4,3,2,7,2,1,9,2,6,2,4,4,6,4,4,4,3,3,7,5,2,3,2,0,5,3,3,3,2,5,2,8,4,3,3,3,0,5,2,3,2,3,2,2,0,5,3,4,3,4,7,6,4,5,6,6,2,2,3,2,4,6,3,5,5,2,4,0,5,2,4,3,4,6,4,4,4,2,3,7,3,3,4,1,5,2,4,4,1,5,4,7,3,3,1,1,3,1,4,4,7,8,1,1,5,3,4,1,2,4,4,6,5,2,3,4,5,3,2,5,4,3,6,5,2,2,8,2,4,1,2,6,2,9,5,3,4,1,4,2,3,3,3,6,1,3,4,2,6,2,2,3,2,4,2,4,6,4,5,2,5,3,6,3,4,6,0,5,1,1,2,4,2,1,4,6,0,4,5,5,4,6,5,4,5,0
60,0,7,3,5,8,6,3,4,1,1,2,7,2,1,2,3,1,8,3,0,2,3,5,6,7,6,5,4,3,4,3,2,1,5,2,6,2,2,2,3,4,0,3,2,4,5,2,5,2,1,6,4,1,2,4,6,5,3,5,1,3,4,3,5,5,4,4,3,3,3,2,6,1,4,2,4,6,1,5,4,5,2,2,6,0,4,5,4,4,8,2,0,1,3,4,4,1,5,6,0,3,3,3,1,2,5,5,5,4,4,6,3,2,4,1,4,4,2,3,2,3,4,5,2,6,4,6,3,3,4,7,8,2,2,1,2,2,4,5,1,1,6,6,1,0,2,2,4,1,3,3,2,3,3,4,4,1,2,4,3,7,4,7,4,7,2,4,4,4,3,4,5,1,5,2,6,1,5,0,4,2,8,1,7,3,5,4,3,4,4,4,4,3,5,2,3,6,4,7,7
61,1,2,2,6,4,1,3,3,3,5,5,4,4,1,4,2,1,4,3,3,2,3,2,2,4,1,3,0,1,6,6,2,4,2,4,5,3,0,9,4,4,4,2,4,2,2,4,4,5,4,8,6,4,3,0,2,1,5,2,7,7,4,2,3,3,4,0,4,3,4,4,4,6,3,3,7,4,3,5,3,1,2,6,6,6,3,4,7,6,6,1,2,3,4,4,2,3,0,2,2,3,1,1,4,5,3,2,2,3,2,4,3,2,7,2,5,0,6,3,2,4,4,2,7,3,2,1,2,3,2,3,1,3,7,5,5,5,4,4,5,3,1,2,1,3,2,1,6,6,4,4,2,1,4,3,4,2,4,1,5,4,4,7,4,7,4,5,3,6,6,3,2,4,2,3,2,4,1,3,3,5,4,5,10,2,3,6,4,0,4,3,6,3,3,3,2,4,6,1,5
62,5,1,5,3,8,3,2,5,7,2,2,7,6,4,4,2,6,0,2,5,0,9,4,4,4,6,4,2,4,1,5,3,3,2,4,5,2,2,3,4,1,5,2,4,4,3,3,3,2,4,1,3,5,2,7,2,3,5,6,5,6,2,1,2,2,4,5,2,4,7,7,4,3,4,4,3,3,13,2,5,4,1,3,5,6,7,5,3,5,5,2,3,1,5,4,2,5,2,5,1,3,3,2,3,4,1,0,2,4,2,1,2,4,4,1,2,2,3,0,2,6,1,2,5,4,2,4,0,2,8,5,3,5,3,7,5,0,3,5,2,5,1,5,6,5,3,3,2,3,5,1,0,3,1,1,4,4,2,1,5,2,6,1,3,1,3,5,6,3,3,4,3,5,2,6,5,2,5,2,5,2,4,4,4,7,2,2,3,4,3,3,5,3,4,2,9,6,1,4,3
63,2,1,2,6,7,2,6,1,4,3,2,6,4,2,2,2,1,1,5,3,1,4,4,4,3,7,1,2,3,3,3,3,5,4,3,2,4,3,2,2,5,8,8,2,1,6,4,4,6,2,2,2,5,3,2,1,4,2,3,1,2,4,5,2,7,5,6,3,1,7,4,4,6,3,2,2,4,4,3,3,6,1,5,2,7,2,4,3,6,6,1,2,2,2,2,2,3,4,4,5,6,2,2,2,0,6,3,6,4,2,5,3,2,7,3,2,6,1,3,5,6,2,5,0,5,2,5,3,5,4,3,3,2,1,4,11,6,1,3,4,4,2,7,2,5,1,6,2,3,5,1,4,3,3,6,3,7,2,4,4,2,2,2,6,4,3,3,1,6,4,2,7,4,0,6,2,2,4,3,6,3,4,3,1,8,3,2,3,4,4,3,7,9,1,4,4,1,0,5,3
64,4,7,4,2,2,1,5,3,1,5,4,1,7,3,2,2,3,4,5,2,1,5,5,8,4,2,3,4,2,6,2,1,8,2,3,5,4,1,4,6,1,4,6,1,2,3,3,6,2,7,3,2,4,7,5,3,3,3,4,4,1,1,7,1,2,2,5,3,4,2,5,2,1,3,3,3,5,7,2,2,2,3,2,3,7,3,2,6,3,7,2,2,6,6,8,3,6,0,2,2,2,1,7,3,3,3,6,1,3,3,3,4,2,4,2,1,1,6,3,4,3,3,3,4,1,0,5,4,1,6,3,2,8,2,3,2,3,2,1,5,3,3,1,4,2,3,3,2,3,4,3,2,3,2,3,3,2,5,2,3,8,5,2,4,5,4,3,2,5,2,2,4,8,3,3,4,4,5,4,4,4,4,4,0,4,3,8,6,2,3,3,4,3,7,1,3,4,3,6,5
65,2,3,5,7,2,4,3,5,4,3,3,2,4,2,1,3,4,2,1,1,2,0,1,3,4,3,4,1,1,8,1,0,2,4,4,6,5,2,5,6,2,2,3,7,0,5,3,2,4,5,5,4,3,1,3,2,2,3,3,3,6,5,3,5,10,6,3,3,5,4,1,5,3,3,4,1,3,4,4,6,2,4,5,2,6,5,3,2,5,4,5,6,3,7,1,6,3,2,4,2,3,3,3,4,2,1,7,1,6,4,4,2,4,1,0,3,3,5,7,8,4,3,2,3,4,3,4,2,3,8,2,2,3,5,6,7,5,1,13,3,1,3,5,3,1,4,2,1,3,7,4,6,4,2,4,3,0,3,5,3,3,4,3,4,3,1,5,4,1,5,2,2,7,1,2,5,6,4,2,6,2,3,5,3,5,2,4,2,2,1,2,8,4,4,2,7,8,4,4,7
66,7,1,3,4,6,4,1,2,2,6,7,0,2,7,4,2,2,6,2,1,4,1,3,1,3,3,5,0,3,1,2,5,4,3,8,0,2,1,2,1,2,4,7,5,4,2,6,4,6,5,3,3,3,3,3,1,5,3,3,5,4,3,4,3,3,1,2,3,3,4,5,4,4,7,1,4,4,1,5,2,7,5,4,3,2,0,4,1,2,3,0,4,4,6,1,3,4,5,4,2,1,4,2,1,5,5,3,6,3,5,3,7,6,6,4,3,8,5,4,6,3,6,1,5,4,3,7,2,2,5,3,1,3,2,1,6,6,4,4,6,3,5,4,0,6,2,4,3,4,3,2,1,5,1,5,1,6,3,3,5,5,5,5,4,3,6,5,3,1,4,1,3,5,3,1,2,3,5,4,2,3,2,1,5,3,1,6,1,2,3,6,2,5,3,6,3,3,8,2,4
67,2,5,2,2,4,4,10,5,3,3,3,4,6,3,7,4,7,3,4,2,3,2,6,4,1,4,5,2,5,5,2,1,2,3,6,3,8,3,3,6,7,4,4,3,2,6,3,2,5,3,6,0,4,4,3,2,3,2,3,2,5,2,6,3,3,7,2,2,3,4,6,3,2,2,3,1,3,2,3,3,5,5,5,3,2,4,2,2,1,4,3,3,2,3,3,5,0,2,1,1,2,2,5,5,4,1,6,3,3,4,3,2,0,6,3,5,3,3,4,4,8,3,5,2,2,4,0,2,3,4,1,4,4,0,5,11,3,6,2,0,4,7,4,1,4,3,3,2,4,5,5,9,3,2,5,3,2,3,4,4,4,2,2,2,3,3,3,4,5,1,4,3,3,6,3,2,6,4,3,6,3,0,3,3,3,2,8,1,5,2,7,2,3,5,4,5,2,6,3,1
68,4,4,7,3,3,5,1,1,4,5,4,1,5,3,1,3,6,3,3,2,6,4,5,2,1,1,1,2,4,4,5,3,4,3,3,3,5,7,3,3,4,3,4,3,2,3,5,1,4,1,3,1,3,4,1,3,2,0,6,4,3,4,5,3,4,6,2,3,3,7,2,9,5,6,4,5,3,4,0,4,2,6,3,5,6,7,3,2,6,2,2,2,7,2,3,6,2,0,1,4,2,3,6,2,4,1,5,3,3,4,3,4,8,5,5,4,2,7,7,1,3,3,3,4,7,2,6,4,4,7,3,5,5,5,5,2,4,7,3,3,4,3,1,4,3,1,5,2,4,7,1,3,1,5,4,1,4,3,7,8,4,1,1,2,2,0,5,6,4,2,3,3,1,6,2,3,2,0,0,4,4,0,4,4,4,2,1,4,8,3,2,7,0,3,4,1,5,5,3,1
69,4,3,2,2,6,2,6,6,3,8,4,6,2,4,6,3,1,3,6,3,1,2,6,3,1,5,5,3,5,1,3,1,2,2,8,2,3,4,3,6,9,4,4,1,2,2,6,1,3,7,2,4,2,6,3,5,4,7,5,3,3,5,3,1,3,2,6,5,7,4,6,3,6,6,1,5,6,5,5,3,3,4,5,4,1,5,2,3,4,2,4,5,3,4,6,2,7,5,4,5,5,2,2,4,3,4,1,9,2,12,3,4,2,3,4,5,1,6,2,3,1,5,1,1,4,4,2,4,8,4,2,5,3,3,2,5,1,3,3,4,2,2,6,6,4,4,2,3,5,2,5,10,2,2,4,4,2,5,4,0,0,4,4,5,6,2,3,3,5,2,9,6,3,2,1,3,2,3,5,2,2,4,2,4,2,3,5,3,4,4,1,2,3,1,2,4,5,4,4,3
7,1,5,2,7,5,1,1,3,2,4,2,7,3,3,5,5,3,3,5,2,4,4,1,1,5,4,3,6,2,4,3,3,1,3,1,0,4,4,5,5,4,3,7,1,5,4,2,3,5,3,5,4,5,4,3,2,4,4,2,3,0,8,3,4,2,3,4,1,6,4,3,9,2,2,5,1,3,2,1,3,4,9,2,7,3,4,2,5,7,3,4,6,3,4,10,1,4,4,5,4,1,3,6,6,6,3,4,2,5,1,4,4,7,3,0,3,3,3,3,5,3,2,3,2,3,2,3,3,5,7,2,4,4,3,4,5,4,5,3,1,3,4,4,5,3,5,7,2,5,3,0,2,6,3,6,2,0,8,4,1,6,6,2,5,4,6,2,6,2,3,6,4,4,4,4,2,7,5,4,4,2,0,3,4,2,3,4,2,6,2,2,5,4,4,5,5,3,2,4,7
70,4,6,3,1,4,5,3,1,2,3,1,3,10,5,3,6,1,5,1,3,4,6,2,4,3,2,2,3,7,1,6,3,5,2,3,2,3,2,5,5,3,5,2,7,0,3,3,4,3,6,4,5,3,2,1,2,6,4,1,3,4,4,8,0,3,3,7,2,9,1,2,5,2,3,3,0,3,3,10,5,3,6,2,3,6,1,3,5,1,4,2,5,2,0,3,3,4,5,3,3,5,2,6,1,3,0,2,5,2,6,2,7,2,4,2,2,4,5,2,2,7,3,3,4,1,2,5,1,2,2,3,4,2,4,4,4,2,3,1,3,4,6,4,2,2,2,4,7,1,1,9,3,2,3,7,4,2,6,6,4,7,2,7,3,2,2,2,0,2,7,2,2,1,5,1,2,3,6,4,3,2,1,5,2,4,4,6,3,5,1,2,4,2,4,8,6,5,3,2,8
71,2,3,5,5,3,2,4,2,7,2,4,6,6,3,2,3,6,2,3,6,1,2,4,2,4,7,5,1,2,2,4,3,3,4,1,3,1,2,3,4,2,3,3,5,1,3,1,3,1,6,3,2,3,5,2,4,2,5,4,8,4,2,2,4,1,6,6,4,3,4,6,5,1,2,3,3,3,3,3,2,2,6,1,2,2,4,5,3,3,5,5,3,1,3,4,1,5,5,2,3,3,8,2,3,1,4,5,7,5,1,4,4,2,1,1,2,1,3,2,2,5,3,3,0,2,5,4,3,3,3,2,7,1,6,5,2,4,2,4,6,2,1,6,2,4,5,4,2,5,1,4,2,2,3,3,6,4,5,4,3,7,3,3,4,4,4,2,4,3,4,5,1,1,3,4,4,4,3,1,4,2,3,4,4,9,3,3,2,5,3,3,7,2,4,3,4,5,3,2,2
72,4,4,1,5,1,2,5,6,7,5,6,4,4,0,2,5,6,1,3,3,3,2,2,5,3,2,4,2,2,7,3,7,3,4,5,6,2,1,3,3,5,7,7,4,2,3,2,2,1,3,4,4,2,1,4,1,7,1,7,5,0,2,3,5,1,1,1,4,8,4,1,2,1,4,4,1,6,6,0,1,5,3,3,5,5,5,5,1,5,4,6,5,2,3,6,4,3,4,5,1,6,2,1,3,5,4,3,6,6,4,6,3,4,4,2,4,8,2,5,3,5,2,1,5,0,5,2,3,5,2,3,2,1,1,5,4,5,6,2,1,4,4,3,3,5,3,2,5,2,1,1,4,3,4,5,3,3,4,6,4,5,1,3,4,4,1,4,8,2,2,1,0,3,4,6,4,9,1,4,2,2,1,7,3,4,1,2,1,0,5,2,5,2,1,7,3,7,5,6,1
73,2,3,2,4,7,0,2,4,4,2,9,2,3,5,3,4,2,0,1,1,3,5,0,1,4,4,3,2,3,1,4,2,4,5,7,3,4,1,2,3,5,1,1,8,5,5,2,1,4,3,3,4,3,3,7,6,1,9,1,5,5,4,3,4,1,6,4,2,6,2,6,6,4,3,3,4,2,6,4,3,6,2,3,4,5,4,4,8,3,2,4,1,1,6,6,5,6,5,5,1,4,4,4,2,3,6,5,1,5,4,4,4,3,9,5,3,3,5,3,1,3,3,1,5,5,5,6,2,2,1,3,4,0,0,1,3,0,1,5,1,2,7,3,3,6,7,2,6,1,3,1,2,9,5,5,2,5,2,5,2,8,3,4,4,5,1,5,3,6,1,3,6,5,6,4,3,5,2,4,2,7,4,3,7,6,4,4,3,4,3,3,2,1,6,4,6,2,3,1,4
74,4,2,5,5,5,5,4,1,0,4,3,1,2,2,1,3,4,1,1,2,8,0,5,1,1,2,5,5,1,5,3,4,6,2,5,5,4,4,7,7,2,2,5,4,2,3,0,0,7,3,3,0,2,4,6,4,5,8,0,2,3,3,6,4,7,5,2,1,3,1,2,4,3,2,6,2,4,1,3,6,5,3,4,2,3,1,2,6,3,3,2,5,8,6,1,5,7,3,7,4,1,1,2,4,2,3,1,2,3,2,3,2,4,5,3,4,11,3,3,2,3,7,2,5,4,4,3,4,5,4,3,6,5,5,3,11,7,3,2,0,2,3,1,3,4,0,3,4,6,6,3,5,4,2,7,3,4,4,3,1,2,6,3,1,3,3,1,5,4,4,4,8,2,2,4,4,5,2,5,4,3,4,2,2,4,5,3,7,4,6,5,3,4,1,2,2,3,2,1,2
75,2,2,6,3,3,4,2,2,5,6,3,5,5,4,4,0,2,4,5,3,3,4,5,4,4,3,7,1,6,0,5,1,2,4,5,0,1,2,9,3,8,1,3,5,6,6,3,3,5,4,2,1,7,0,1,5,3,1,5,3,5,3,3,4,1,2,7,1,3,1,7,2,6,2,3,1,5,3,2,7,3,1,4,4,3,5,5,3,2,4,1,3,4,1,3,0,1,2,3,5,4,3,6,2,4,6,4,3,3,4,4,3,1,4,4,8,3,1,2,6,1,4,5,5,2,2,4,2,5,3,2,3,5,5,3,3,5,6,3,7,5,4,6,3,2,4,3,4,1,3,3,3,8,2,3,3,3,3,5,5,3,5,3,2,4,2,2,2,0,4,4,2,3,1,2,5,2,4,2,5,7,1,3,6,2,8,1,8,3,7,5,4,1,3,4,2,6,3,3,9
76,4,3,4,5,3,7,1,3,1,1,5,2,4,6,4,5,2,2,2,3,1,1,1,5,3,3,1,3,3,3,4,1,7,3,3,3,3,7,2,7,3,2,1,4,1,4,6,5,4,4,3,2,2,5,1,2,7,4,0,7,3,4,2,3,1,3,4,3,3,1,2,5,4,2,2,4,3,0,3,10,6,9,0,2,5,2,5,3,3,3,6,5,2,6,6,3,2,2,6,2,4,1,2,2,2,5,1,5,1,4,3,4,2,4,1,4,3,5,2,8,8,1,6,3,2,5,3,4,3,5,3,8,6,1,0,1,2,4,6,7,2,5,5,5,2,5,6,5,4,4,4,1,4,6,2,4,5,1,5,3,1,4,4,3,1,2,2,2,5,2,1,3,3,1,4,3,3,1,5,5,1,5,4,3,3,4,4,4,1,3,3,3,4,3,3,4,7,6,4,3
77,3,1,4,2,5,4,6,3,4,0,3,5,2,9,3,5,8,5,5,3,3,4,5,3,8,3,3,4,7,3,6,4,6,1,3,4,1,5,3,4,2,4,4,2,5,6,4,5,1,5,3,3,3,5,9,2,2,3,2,1,5,2,3,2,5,4,3,1,4,3,3,4,2,5,1,3,5,0,0,3,7,1,4,6,3,4,0,5,3,2,2,4,2,2,0,3,1,3,3,4,3,1,2,0,5,3,8,1,4,3,2,1,2,8,4,4,2,1,1,4,2,4,2,4,3,1,5,4,3,5,6,2,2,3,5,3,4,6,2,1,3,5,2,4,1,4,3,3,4,1,3,2,5,5,3,1,6,0,2,6,0,2,2,2,4,5,3,4,2,3,4,4,2,5,5,2,5,2,3,4,6,5,3,5,4,6,4,0,3,2,7,2,7,4,1,4,2,3,4,4
78,4,3,8,2,4,6,5,6,4,6,7,6,2,2,3,3,4,4,1,2,1,3,4,5,4,5,8,3,4,4,3,4,6,5,1,6,7,2,4,2,2,5,6,7,8,3,4,9,5,2,5,4,2,5,2,2,9,1,5,5,2,6,2,3,5,3,3,0,4,2,1,2,3,3,1,2,4,1,4,1,4,5,5,5,2,2,5,3,5,3,3,4,2,3,4,6,3,6,2,2,3,2,2,5,5,4,1,5,0,3,4,4,2,2,2,7,2,6,2,4,1,3,2,5,5,5,1,2,4,2,2,5,3,4,1,4,4,2,0,3,2,2,8,4,2,1,4,3,2,4,3,5,5,4,1,7,1,1,1,5,1,4,3,5,6,4,4,2,1,4,4,6,5,0,7,3,3,2,4,1,1,4,2,5,2,4,3,8,1,2,4,2,1,4,1,3,2,4,3,3
79,5,9,6,3,3,5,4,0,6,3,1,2,6,1,5,6,3,5,3,6,2,4,2,1,5,5,2,4,7,0,2,7,3,4,4,2,9,7,4,2,2,2,2,3,3,6,1,4,3,3,7,4,5,6,3,5,2,7,2,1,1,1,4,5,1,1,3,6,1,4,2,5,8,4,3,5,2,3,1,3,7,1,1,2,3,4,0,3,1,2,3,2,4,3,6,3,6,7,2,4,3,2,2,2,1,3,1,2,2,2,4,3,5,3,4,5,4,4,3,3,4,4,2,3,2,1,2,1,1,3,7,6,1,1,6,2,7,4,3,4,4,1,3,5,4,5,3,5,2,1,4,4,7,1,6,5,2,4,3,5,5,4,5,7,3,4,2,4,6,4,3,3,3,3,6,0,0,0,1,2,2,4,3,1,4,6,4,5,3,4,5,3,1,3,4,7,0,3,6,6
8,9,4,1,6,2,1,5,1,2,2,1,2,7,2,2,4,1,3,4,4,1,3,2,3,0,2,6,6,3,3,2,6,3,7,3,1,6,3,2,5,3,4,2,2,1,4,2,7,2,3,2,3,6,3,2,3,8,4,4,3,2,6,1,7,3,4,6,4,5,5,3,5,7,5,4,5,2,2,3,3,5,3,5,5,4,6,4,3,2,5,3,7,7,3,2,2,5,4,5,3,8,3,5,2,5,4,6,8,3,1,2,2,2,2,4,2,6,4,3,4,3,3,8,5,5,1,4,3,6,1,3,5,5,5,2,5,3,1,2,3,4,7,5,2,4,4,4,6,6,6,5,3,2,6,4,2,3,4,4,1,5,2,5,1,1,3,3,4,4,5,4,1,4,5,8,4,5,5,8,6,3,5,1,7,6,4,3,4,2,5,2,6,6,5,0,5,1,1,3,6
80,3,4,4,0,3,4,2,6,3,4,1,3,3,5,5,5,8,2,2,4,7,3,5,2,3,4,2,1,4,9,3,4,4,3,12,4,4,3,2,3,2,2,3,2,2,7,3,1,2,4,2,1,3,1,6,2,2,4,6,8,6,0,1,5,6,3,7,3,4,2,2,2,4,5,4,7,3,4,2,4,4,3,4,4,3,5,1,6,6,4,4,5,2,5,1,5,1,3,2,5,2,1,2,3,5,3,1,2,4,4,3,1,2,5,3,1,2,3,3,6,5,7,2,0,5,2,4,4,1,4,0,3,2,3,2,4,2,4,2,5,2,3,5,3,5,4,5,3,1,2,5,5,4,5,2,2,5,2,3,4,3,3,3,1,2,3,6,4,2,6,1,2,4,6,4,1,6,4,3,0,3,2,4,1,1,5,3,6,1,2,5,5,2,4,7,8,1,6,2,0
81,2,8,0,2,2,3,2,3,3,3,3,6,2,1,4,4,4,3,2,3,6,4,2,3,2,5,2,5,5,5,5,4,2,4,4,3,4,3,2,5,3,7,6,6,5,4,6,3,3,4,3,5,4,1,3,1,4,3,2,5,3,5,2,5,3,5,9,0,2,3,2,4,2,5,5,5,4,2,2,1,7,1,3,4,2,7,3,4,5,3,1,2,2,1,7,5,1,2,7,0,4,3,3,5,2,2,7,2,4,6,3,3,3,6,3,6,4,4,4,8,5,5,2,1,7,0,4,2,5,6,3,3,1,0,8,3,4,1,3,8,2,2,1,7,1,4,5,2,4,1,3,5,2,6,5,1,7,5,2,3,2,4,2,1,4,1,5,2,4,4,4,2,5,7,5,2,3,5,3,6,7,3,1,5,1,5,2,2,3,3,8,0,3,2,2,3,2,3,3,2
82,3,1,3,5,3,3,5,3,1,3,5,4,2,2,4,3,3,5,1,5,1,7,1,3,1,1,3,5,4,2,4,7,5,5,3,7,2,2,2,3,5,6,3,4,3,2,5,2,2,5,2,4,1,3,3,4,4,5,1,4,3,3,2,3,2,5,8,3,2,8,4,5,2,4,6,5,3,4,2,4,7,4,2,2,3,3,0,3,3,5,2,2,2,2,4,2,1,4,4,0,6,3,2,4,2,5,8,6,1,5,2,1,1,2,1,3,0,5,4,2,2,3,3,2,6,3,3,6,5,3,3,4,6,3,6,3,2,2,4,0,3,1,5,2,2,1,3,3,4,3,4,4,5,1,1,5,3,5,3,0,2,5,2,3,4,1,5,5,3,5,3,4,7,3,4,6,2,5,4,6,4,3,1,6,4,4,4,1,6,4,4,3,5,6,3,3,4,6,3,4
83,6,5,5,4,2,6,3,1,6,4,6,2,6,2,2,3,4,4,3,3,2,3,4,2,6,3,1,3,2,5,3,3,1,2,3,6,1,2,1,10,5,3,1,1,2,5,6,1,2,5,1,2,6,3,4,5,2,2,3,2,6,5,2,5,2,2,4,3,3,5,3,4,2,3,1,6,3,3,1,7,3,4,5,1,4,6,5,1,0,5,1,3,4,2,2,2,1,5,2,2,2,1,1,5,2,7,1,2,4,4,4,4,5,4,4,1,2,7,2,3,5,3,3,0,3,2,3,7,6,6,2,1,5,4,5,5,5,4,5,3,1,5,2,3,5,2,2,3,2,2,2,0,6,5,2,3,5,4,3,3,5,6,1,2,5,3,6,6,6,0,6,4,8,2,3,2,2,4,4,4,1,4,7,1,4,2,1,6,6,4,3,4,4,1,3,4,3,2,3,5
84,6,8,1,3,4,6,7,3,4,3,7,4,5,3,1,1,2,3,3,6,2,2,3,5,5,4,2,5,3,4,4,5,3,4,4,2,3,1,6,2,3,6,2,3,2,3,3,1,2,4,5,2,4,6,5,3,1,1,2,5,8,3,2,2,2,4,6,2,2,4,4,4,5,4,3,4,2,5,6,3,7,4,5,3,5,2,1,5,1,3,7,2,4,2,8,2,5,0,4,2,4,4,1,5,3,3,8,1,9,3,3,4,3,1,5,4,6,1,3,4,3,3,5,2,6,3,4,3,3,3,1,2,0,4,4,1,4,3,2,5,5,4,1,4,4,3,3,0,3,3,3,3,5,4,6,5,4,1,4,1,1,6,6,4,3,5,4,1,2,4,4,3,1,6,5,4,5,3,7,2,3,2,3,2,4,4,3,1,1,4,2,3,5,7,5,5,3,3,4,2
85,5,2,8,3,6,3,0,3,11,1,3,2,1,4,6,1,5,3,4,4,3,3,4,2,6,3,3,5,5,3,2,6,1,3,5,3,4,1,5,2,4,3,3,8,2,3,2,2,7,3,1,2,5,8,3,5,12,4,5,1,2,4,6,2,6,3,2,6,4,4,5,4,4,5,6,2,5,2,1,6,3,3,3,1,0,3,4,2,2,2,3,2,5,9,1,2,6,3,4,3,4,2,3,3,4,4,3,5,4,6,2,4,3,4,2,6,3,6,3,4,4,5,4,7,2,6,2,1,2,10,3,4,6,2,1,1,4,4,3,5,3,2,4,5,2,1,4,9,3,6,4,3,4,2,4,1,3,5,7,4,4,1,3,4,3,1,4,7,2,5,2,1,1,3,5,4,0,4,2,2,8,2,2,2,4,6,1,8,2,2,3,3,2,2,4,4,2,4,5,5
86,3,3,3,6,1,5,4,1,1,3,3,6,3,6,9,2,4,5,7,5,3,6,4,2,6,4,3,6,3,1,1,5,2,3,8,4,3,0,0,2,4,2,4,4,5,3,3,1,2,3,2,2,2,3,3,6,5,6,0,3,1,1,5,3,4,5,5,1,4,4,2,5,3,1,5,4,5,5,4,4,5,2,2,1,4,2,2,3,3,5,3,5,1,2,0,1,5,5,7,5,3,3,3,2,3,2,8,3,4,1,0,2,6,3,4,4,1,6,3,3,3,7,4,4,4,4,3,3,4,3,6,4,4,3,5,5,3,5,2,5,3,1,1,1,3,6,2,2,2,7,3,3,5,3,7,5,9,4,3,3,5,5,3,8,2,3,7,2,3,3,1,5,6,3,2,3,1,4,4,1,5,1,3,8,4,5,5,4,4,0,1,5,3,3,6,5,4,2,1,4
87,2,5,3,8,4,7,6,4,2,4,5,5,0,1,3,4,1,3,6,3,3,3,0,3,2,4,4,5,3,4,3,8,8,1,1,3,2,2,5,6,5,3,3,4,4,1,5,3,9,0,5,4,4,7,3,4,0,2,3,5,3,5,3,2,4,3,2,4,3,4,0,1,0,3,6,6,4,3,3,0,8,10,1,4,0,6,5,2,3,10,7,5,0,5,2,8,2,5,3,4,3,2,5,2,3,3,5,4,2,4,3,4,2,6,2,6,4,2,2,6,3,9,4,5,4,6,3,3,3,2,2,2,3,3,2,4,3,1,9,2,2,4,4,3,1,5,3,2,4,1,3,5,2,2,1,5,4,5,8,3,5,3,2,6,3,1,3,2,5,3,2,4,4,1,4,4,4,2,3,1,9,2,6,6,6,5,2,1,6,3,2,1,4,4,0,5,5,4,4,5
88,1,6,4,7,2,3,2,2,1,5,5,4,3,6,2,4,3,0,3,2,3,3,6,5,4,5,1,5,5,2,5,7,3,3,2,2,2,5,5,3,2,3,6,1,3,5,7,6,1,3,4,3,6,1,2,5,6,4,2,3,3,9,6,4,5,2,4,3,5,2,2,3,3,3,7,4,3,1,6,4,2,2,7,1,4,3,3,5,2,5,4,5,2,4,4,2,4,4,1,0,3,4,2,3,6,4,4,3,6,3,3,2,5,3,5,0,3,3,3,3,5,3,6,5,2,6,4,3,3,3,5,3,1,5,5,2,2,4,2,4,3,6,3,3,2,3,1,1,4,3,4,4,3,3,3,5,6,3,4,5,2,1,7,5,7,2,7,4,6,2,4,8,0,7,3,3,1,4,3,4,0,4,1,4,0,4,5,2,5,3,2,3,2,2,1,5,2,3,4,5
89,2,5,2,8,3,4,4,2,5,2,4,5,1,2,2,5,1,3,6,4,2,4,2,2,3,1,2,4,2,4,7,4,4,9,4,4,5,2,6,4,2,6,4,6,3,5,3,7,5,3,1,0,7,2,0,2,3,5,5,3,1,2,6,3,3,1,4,6,6,1,3,6,5,6,3,7,2,4,8,3,4,1,3,6,3,4,8,7,3,1,1,9,4,2,4,7,5,2,5,1,6,1,3,4,4,4,7,4,5,6,7,3,5,2,6,6,7,4,2,5,1,9,3,3,1,2,4,3,3,4,2,3,5,7,4,3,3,5,0,0,1,3,4,2,4,4,3,6,2,4,4,3,3,3,1,6,8,1,3,6,6,3,4,3,2,6,2,3,5,4,2,3,9,2,5,7,2,2,6,3,2,3,6,3,4,6,2,2,2,2,1,4,0,5,5,0,2,1,2,5
9,4,4,4,2,3,3,3,3,3,6,1,7,3,0,2,4,6,1,4,7,0,2,3,3,3,4,5,3,4,3,2,6,2,4,5,4,4,1,3,4,2,2,1,4,5,5,7,7,4,5,4,3,1,3,2,3,3,2,0,6,1,2,3,2,2,4,0,2,4,8,2,8,6,5,2,4,2,3,3,2,6,4,5,3,1,6,5,2,3,4,2,6,2,1,1,6,4,5,3,9,6,4,4,0,4,1,1,3,4,12,2,4,2,1,4,3,2,3,2,3,8,5,1,8,3,4,5,2,3,0,3,6,4,2,4,2,5,6,2,3,3,2,6,4,0,3,2,8,3,2,6,3,2,5,3,1,3,3,4,4,0,3,2,4,1,6,6,0,3,4,3,6,1,3,1,4,4,6,2,2,2,3,5,3,3,5,4,3,1,4,4,2,1,2,1,1,2,4,4,2
90,6,1,3,3,1,3,5,6,3,3,3,6,5,4,3,6,3,4,1,2,5,2,3,6,2,3,4,5,2,2,2,3,7,1,6,8,4,2,4,2,5,2,2,3,3,4,4,3,3,5,4,3,2,4,3,5,4,4,3,5,5,7,3,5,7,5,5,3,0,4,5,4,2,1,4,2,3,2,4,3,4,2,2,2,2,0,4,5,4,2,7,4,1,3,4,1,4,2,2,3,6,5,3,6,2,1,3,2,8,3,2,2,4,3,5,6,3,1,8,2,7,4,1,2,2,4,2,2,8,3,1,4,2,6,7,4,5,1,3,3,1,4,2,3,1,3,1,2,2,2,4,2,3,2,4,3,4,1,5,1,4,3,5,2,2,3,3,9,3,1,3,3,2,4,5,6,2,2,4,3,2,2,3,3,4,2,8,3,4,6,1,2,6,2,2,1,3,5,3,3
91,2,1,4,3,5,8,3,5,3,1,1,3,2,4,4,2,4,3,2,2,2,6,3,0,4,3,3,5,4,6,5,0,6,3,5,4,5,3,3,3,5,6,6,6,4,3,4,5,0,3,8,1,5,6,3,2,4,2,2,3,3,4,4,4,1,6,3,3,3,6,6,1,5,2,1,1,3,2,7,1,3,3,2,4,4,4,1,3,7,6,0,2,4,4,2,4,3,3,11,2,3,1,3,6,4,5,3,3,5,5,4,4,4,3,0,0,4,0,3,4,7,3,3,4,6,6,2,1,3,1,4,6,4,1,3,1,1,2,2,5,3,3,4,4,3,7,2,5,0,5,1,2,4,1,1,7,1,4,4,5,4,5,3,2,2,5,3,3,3,7,2,5,2,2,3,1,7,6,2,5,4,4,6,7,2,6,3,5,4,3,4,3,1,7,3,5,3,2,4,1
92,4,4,2,4,4,2,2,5,2,4,2,7,1,2,5,3,1,3,4,6,3,5,3,2,5,2,3,2,5,2,4,1,4,1,3,3,4,6,3,6,2,5,2,4,2,5,2,1,3,4,3,3,3,4,7,2,4,3,4,4,5,3,4,1,4,1,2,5,2,5,1,2,6,1,6,8,3,3,1,4,5,1,3,4,6,4,6,3,2,3,3,4,6,4,2,1,3,4,2,6,2,3,5,3,3,3,2,5,4,5,4,5,2,3,1,4,2,3,3,2,8,2,7,0,2,6,6,3,3,6,3,0,3,2,4,3,3,5,6,5,1,6,0,7,2,4,4,3,3,3,2,3,3,3,5,8,0,5,2,7,2,3,4,3,4,9,2,2,2,3,3,6,5,2,3,3,2,2,3,6,5,4,3,2,4,3,6,3,4,6,4,3,3,2,8,1,4,3,3,3
93,5,2,6,3,3,2,3,1,7,4,4,3,3,1,4,2,3,6,2,0,4,2,3,0,3,5,3,3,4,4,3,3,4,3,6,0,3,6,3,3,5,4,5,5,2,4,1,4,1,3,1,4,7,3,2,4,5,3,5,3,3,2,2,3,6,5,4,4,7,2,0,2,4,4,8,2,6,4,4,2,4,2,3,3,3,2,2,1,4,5,4,3,1,2,3,3,3,7,4,5,1,4,5,4,4,5,1,3,2,3,5,3,2,4,8,4,4,4,4,6,2,2,0,4,2,1,3,2,1,3,6,5,2,6,7,1,3,5,3,7,3,5,5,1,2,5,2,4,4,2,5,5,2,3,0,6,4,3,5,1,2,4,2,10,3,2,3,4,4,1,5,2,7,7,2,8,1,6,4,6,4,2,1,5,3,5,1,2,3,4,2,4,2,4,6,2,0,4,4,6
94,4,5,2,3,4,1,7,5,6,3,8,5,3,3,2,3,5,3,1,4,6,4,6,2,1,5,4,2,4,5,2,3,4,2,2,7,5,6,4,3,6,3,0,3,8,5,5,3,1,6,2,1,3,2,4,5,4,2,6,4,6,5,3,3,2,5,0,6,2,4,5,4,2,1,6,4,1,3,6,4,2,2,3,5,2,4,2,4,4,5,5,1,8,3,3,5,2,4,5,4,4,3,3,3,3,7,3,1,4,2,3,3,3,5,1,5,4,3,3,6,3,2,0,5,5,0,4,6,3,3,5,3,2,1,2,4,2,3,6,3,1,2,3,4,1,5,1,0,5,2,4,1,5,7,4,5,4,7,2,1,2,4,3,1,1,0,7,2,6,2,1,4,0,3,4,7,2,2,2,4,5,6,6,3,5,1,5,3,5,6,7,3,3,5,1,5,4,4,2,6
95,5,1,6,2,2,3,2,4,3,2,3,3,3,3,2,1,3,3,5,2,6,8,7,3,3,4,5,4,3,4,2,6,2,5,4,7,2,3,2,6,3,3,4,4,3,2,5,1,5,7,1,5,2,6,4,3,7,1,1,3,2,3,4,2,3,2,3,4,3,7,3,4,1,5,2,2,3,3,1,4,6,2,1,5,7,5,5,3,2,5,6,4,3,4,5,6,4,4,6,5,1,2,6,3,4,5,2,5,3,5,5,6,4,4,5,5,2,2,4,4,7,5,3,4,2,4,2,2,0,4,2,1,5,2,4,7,3,5,2,4,3,6,4,3,4,3,4,3,1,4,6,8,1,3,5,4,4,4,7,7,1,3,3,1,7,2,5,1,4,3,1,6,6,3,0,1,6,1,4,2,4,7,4,3,5,3,1,7,2,5,4,8,3,3,3,7,1,4,6,5
96,3,4,3,6,6,6,2,3,3,5,1,4,1,4,3,3,5,5,7,5,2,3,3,5,2,5,2,1,2,5,7,3,3,5,3,7,2,6,6,5,4,3,4,2,3,2,9,4,1,2,5,5,6,1,5,3,2,5,1,2,4,0,4,1,3,3,2,2,6,3,3,2,2,2,4,6,6,3,7,6,7,3,2,0,5,6,4,4,0,3,3,2,2,2,4,7,3,7,3,4,1,2,5,3,3,4,5,4,3,3,3,2,3,3,0,5,3,7,5,3,1,4,5,2,2,1,2,3,2,6,6,5,2,5,4,2,4,5,3,3,7,5,1,3,8,8,3,6,6,4,3,2,1,3,0,3,3,3,5,2,3,2,7,1,1,1,4,3,1,2,2,3,2,4,3,4,2,4,1,4,3,4,2,2,7,1,1,4,5,1,3,1,4,1,3,1,3,3,3,4
97,2,5,4,6,4,3,4,2,4,5,5,2,1,5,4,4,2,4,2,3,3,4,3,3,5,1,5,8,2,5,7,3,1,3,1,5,0,1,3,3,4,2,2,2,8,2,4,5,2,3,0,3,3,7,5,6,4,5,2,2,2,5,4,0,1,5,8,4,4,1,4,4,1,6,5,5,4,6,4,6,4,5,4,4,3,4,3,2,5,8,4,4,5,2,3,2,0,3,5,6,3,5,2,3,3,4,3,5,3,1,6,5,4,1,5,5,2,2,4,3,2,4,3,8,3,6,5,5,1,5,3,3,0,4,4,2,2,9,3,5,5,5,1,2,7,5,1,3,6,6,2,2,6,3,5,7,1,4,5,5,1,4,5,3,1,4,2,2,3,4,5,8,2,4,3,3,6,1,3,5,4,7,4,2,5,8,5,4,6,3,1,6,3,5,2,2,2,4,2,2
98,3,4,2,1,3,3,4,2,2,3,2,4,2,3,2,4,4,7,3,2,6,3,2,1,1,4,3,3,6,4,4,2,4,5,3,5,4,4,3,4,4,3,1,2,4,7,4,1,1,1,2,6,4,1,2,3,1,4,2,4,3,3,7,1,1,4,3,3,4,4,1,4,4,5,5,2,3,3,4,6,2,4,3,3,5,1,3,2,2,6,4,6,3,5,2,5,4,5,2,1,4,4,2,0,1,7,3,3,6,4,3,4,7,5,2,4,2,3,2,5,4,5,2,5,5,4,5,3,5,2,6,3,1,0,5,2,2,2,6,3,1,0,3,4,4,4,4,5,3,3,4,6,7,5,5,2,3,4,4,3,1,7,13,3,4,5,4,3,2,4,3,6,5,7,5,4,6,2,6,7,2,1,5,0,8,2,4,3,5,5,1,6,2,8,3,3,2,0,7,1
99,2,2,4,6,5,2,2,3,2,5,1,8,1,2,0,7,4,2,3,2,0,4,1,5,7,6,5,4,5,2,5,4,3,4,2,5,3,8,5,4,4,4,2,2,7,4,2,2,4,5,4,5,4,2,2,7,3,4,3,4,5,4,3,1,1,8,3,4,2,1,4,2,4,3,1,4,1,8,2,6,4,1,5,2,4,2,1,3,4,7,3,3,5,0,2,2,4,0,2,5,8,5,3,4,2,4,2,1,7,7,8,3,4,3,8,4,2,3,3,1,2,4,4,5,3,3,4,3,2,3,4,1,5,2,3,4,4,5,5,3,3,5,9,2,1,3,2,2,3,3,5,7,2,4,1,2,4,4,3,1,0,8,5,4,3,1,4,1,2,7,4,4,0,4,4,1,2,5,3,2,8,8,3,3,7,5,4,3,3,3,3,2,3,2,4,2,8,3,4,1
